Date,Start (ET),Visitor/Neutral,PTS,Home/Neutral,PTS,,,Attend.,Notes
Tue Oct 16 2018,8:00p,Philadelphia 76ers,,Boston Celtics,,,,,,
Tue Oct 16 2018,10:30p,Oklahoma City Thunder,,Golden State Warriors,,,,,,
Wed Oct 17 2018,7:00p,Milwaukee Bucks,,Charlotte Hornets,,,,,,
Wed Oct 17 2018,7:00p,Brooklyn Nets,,Detroit Pistons,,,,,,
Wed Oct 17 2018,8:00p,New Orleans Pelicans,,Houston Rockets,,,,,,
Wed Oct 17 2018,7:00p,Memphis Grizzlies,,Indiana Pacers,,,,,,
Wed Oct 17 2018,10:30p,Denver Nuggets,,Los Angeles Clippers,,,,,,
Wed Oct 17 2018,7:30p,Atlanta Hawks,,New York Knicks,,,,,,
Wed Oct 17 2018,7:00p,Miami Heat,,Orlando Magic,,,,,,
Wed Oct 17 2018,10:30p,Dallas Mavericks,,Phoenix Suns,,,,,,
Wed Oct 17 2018,10:00p,Utah Jazz,,Sacramento Kings,,,,,,
Wed Oct 17 2018,8:30p,Minnesota Timberwolves,,San Antonio Spurs,,,,,,
Wed Oct 17 2018,7:30p,Cleveland Cavaliers,,Toronto Raptors,,,,,,
Thu Oct 18 2018,8:00p,Chicago Bulls,,Philadelphia 76ers,,,,,,
Thu Oct 18 2018,10:30p,Los Angeles Lakers,,Portland Trail Blazers,,,,,,
Thu Oct 18 2018,8:00p,Miami Heat,,Washington Wizards,,,,,,
Fri Oct 19 2018,7:30p,New York Knicks,,Brooklyn Nets,,,,,,
Fri Oct 19 2018,10:30p,Oklahoma City Thunder,,Los Angeles Clippers,,,,,,
Fri Oct 19 2018,8:00p,Atlanta Hawks,,Memphis Grizzlies,,,,,,
Fri Oct 19 2018,8:30p,Indiana Pacers,,Milwaukee Bucks,,,,,,
Fri Oct 19 2018,8:00p,Cleveland Cavaliers,,Minnesota Timberwolves,,,,,,
Fri Oct 19 2018,8:00p,Sacramento Kings,,New Orleans Pelicans,,,,,,
Fri Oct 19 2018,7:00p,Charlotte Hornets,,Orlando Magic,,,,,,
Fri Oct 19 2018,8:00p,Boston Celtics,,Toronto Raptors,,,,,,
Fri Oct 19 2018,10:30p,Golden State Warriors,,Utah Jazz,,,,,,
Sat Oct 20 2018,8:00p,Detroit Pistons,,Chicago Bulls,,,,,,
Sat Oct 20 2018,8:30p,Minnesota Timberwolves,,Dallas Mavericks,,,,,,
Sat Oct 20 2018,9:00p,Phoenix Suns,,Denver Nuggets,,,,,,
Sat Oct 20 2018,7:00p,Brooklyn Nets,,Indiana Pacers,,,,,,
Sat Oct 20 2018,10:30p,Houston Rockets,,Los Angeles Lakers,,,,,,
Sat Oct 20 2018,8:00p,Charlotte Hornets,,Miami Heat,,,,,,
Sat Oct 20 2018,7:30p,Boston Celtics,,New York Knicks,,,,,,
Sat Oct 20 2018,7:30p,Orlando Magic,,Philadelphia 76ers,,,,,,
Sat Oct 20 2018,10:00p,San Antonio Spurs,,Portland Trail Blazers,,,,,,
Sat Oct 20 2018,7:00p,Toronto Raptors,,Washington Wizards,,,,,,
Sun Oct 21 2018,6:00p,Atlanta Hawks,,Cleveland Cavaliers,,,,,,
Sun Oct 21 2018,8:00p,Golden State Warriors,,Denver Nuggets,,,,,,
Sun Oct 21 2018,9:00p,Houston Rockets,,Los Angeles Clippers,,,,,,
Sun Oct 21 2018,7:00p,Sacramento Kings,,Oklahoma City Thunder,,,,,,
Mon Oct 22 2018,7:30p,Orlando Magic,,Boston Celtics,,,,,,
Mon Oct 22 2018,8:30p,Chicago Bulls,,Dallas Mavericks,,,,,,
Mon Oct 22 2018,10:30p,Phoenix Suns,,Golden State Warriors,,,,,,
Mon Oct 22 2018,10:30p,San Antonio Spurs,,Los Angeles Lakers,,Box Score,OT,18997,
Mon Oct 22 2018,8:00p,New York Knicks,,Milwaukee Bucks,,,,,,
Mon Oct 22 2018,8:00p,Indiana Pacers,,Minnesota Timberwolves,,,,,,
Mon Oct 22 2018,10:00p,Washington Wizards,,Portland Trail Blazers,,Box Score,OT,19187,
Mon Oct 22 2018,7:30p,Charlotte Hornets,,Toronto Raptors,,,,,,
Mon Oct 22 2018,9:00p,Memphis Grizzlies,,Utah Jazz,,,,,,
Tue Oct 23 2018,9:00p,Sacramento Kings,,Denver Nuggets,,,,,,
Tue Oct 23 2018,7:00p,Philadelphia 76ers,,Detroit Pistons,,Box Score,OT,14418,
Tue Oct 23 2018,8:00p,Los Angeles Clippers,,New Orleans Pelicans,,,,,,
Wed Oct 24 2018,7:00p,Dallas Mavericks,,Atlanta Hawks,,,,,,
Wed Oct 24 2018,8:00p,Charlotte Hornets,,Chicago Bulls,,,,,,
Wed Oct 24 2018,7:00p,Brooklyn Nets,,Cleveland Cavaliers,,,,,,
Wed Oct 24 2018,10:30p,Washington Wizards,,Golden State Warriors,,,,,,
Wed Oct 24 2018,8:00p,Utah Jazz,,Houston Rockets,,,,,,
Wed Oct 24 2018,7:30p,New York Knicks,,Miami Heat,,,,,,
Wed Oct 24 2018,9:30p,Philadelphia 76ers,,Milwaukee Bucks,,,,,,
Wed Oct 24 2018,10:00p,Los Angeles Lakers,,Phoenix Suns,,,,,,
Wed Oct 24 2018,10:00p,Memphis Grizzlies,,Sacramento Kings,,,,,,
Wed Oct 24 2018,8:30p,Indiana Pacers,,San Antonio Spurs,,,,,,
Wed Oct 24 2018,7:30p,Minnesota Timberwolves,,Toronto Raptors,,,,,,
Thu Oct 25 2018,7:00p,Cleveland Cavaliers,,Detroit Pistons,,,,,,
Thu Oct 25 2018,10:30p,Denver Nuggets,,Los Angeles Lakers,,,,,,
Thu Oct 25 2018,8:00p,Boston Celtics,,Oklahoma City Thunder,,,,,,
Thu Oct 25 2018,7:00p,Portland Trail Blazers,,Orlando Magic,,,,,,
Fri Oct 26 2018,7:00p,Chicago Bulls,,Charlotte Hornets,,,,,,
Fri Oct 26 2018,8:00p,Los Angeles Clippers,,Houston Rockets,,,,,,
Fri Oct 26 2018,8:00p,Milwaukee Bucks,,Minnesota Timberwolves,,,,,,
Fri Oct 26 2018,8:00p,Brooklyn Nets,,New Orleans Pelicans,,,,,,
Fri Oct 26 2018,7:30p,Golden State Warriors,,New York Knicks,,,,,,
Fri Oct 26 2018,10:00p,Washington Wizards,,Sacramento Kings,,,,,,
Fri Oct 26 2018,7:30p,Dallas Mavericks,,Toronto Raptors,,,,,,
Sat Oct 27 2018,7:30p,Chicago Bulls,,Atlanta Hawks,,,,,,
Sat Oct 27 2018,7:30p,Indiana Pacers,,Cleveland Cavaliers,,,,,,
Sat Oct 27 2018,7:00p,Boston Celtics,,Detroit Pistons,,,,,,
Sat Oct 27 2018,8:00p,Phoenix Suns,,Memphis Grizzlies,,,,,,
Sat Oct 27 2018,8:00p,Portland Trail Blazers,,Miami Heat,,,,,,
Sat Oct 27 2018,8:30p,Orlando Magic,,Milwaukee Bucks,,,,,,
Sat Oct 27 2018,7:00p,Utah Jazz,,New Orleans Pelicans,,,,,,
Sat Oct 27 2018,7:30p,Charlotte Hornets,,Philadelphia 76ers,,,,,,
Sat Oct 27 2018,8:30p,Los Angeles Lakers,,San Antonio Spurs,,,,,,
Sun Oct 28 2018,5:00p,Golden State Warriors,,Brooklyn Nets,,,,,,
Sun Oct 28 2018,7:00p,Utah Jazz,,Dallas Mavericks,,,,,,
Sun Oct 28 2018,9:30p,Washington Wizards,,Los Angeles Clippers,,,,,,
Sun Oct 28 2018,7:00p,Phoenix Suns,,Oklahoma City Thunder,,,,,,
Mon Oct 29 2018,8:00p,Golden State Warriors,,Chicago Bulls,,,,,,
Mon Oct 29 2018,9:00p,New Orleans Pelicans,,Denver Nuggets,,,,,,
Mon Oct 29 2018,7:00p,Portland Trail Blazers,,Indiana Pacers,,,,,,
Mon Oct 29 2018,7:30p,Sacramento Kings,,Miami Heat,,,,,,
Mon Oct 29 2018,8:00p,Toronto Raptors,,Milwaukee Bucks,,,,,,
Mon Oct 29 2018,8:00p,Los Angeles Lakers,,Minnesota Timberwolves,,,,,,
Mon Oct 29 2018,7:30p,Brooklyn Nets,,New York Knicks,,,,,,
Mon Oct 29 2018,7:00p,Atlanta Hawks,,Philadelphia 76ers,,,,,,
Mon Oct 29 2018,8:30p,Dallas Mavericks,,San Antonio Spurs,,Box Score,OT,18354,
Tue Oct 30 2018,7:30p,Detroit Pistons,,Boston Celtics,,,,,,
Tue Oct 30 2018,7:00p,Miami Heat,,Charlotte Hornets,,,,,,
Tue Oct 30 2018,7:00p,Atlanta Hawks,,Cleveland Cavaliers,,,,,,
Tue Oct 30 2018,8:00p,Portland Trail Blazers,,Houston Rockets,,,,,,
Tue Oct 30 2018,8:00p,Washington Wizards,,Memphis Grizzlies,,,,,,
Tue Oct 30 2018,8:00p,Los Angeles Clippers,,Oklahoma City Thunder,,,,,,
Tue Oct 30 2018,7:00p,Sacramento Kings,,Orlando Magic,,,,,,
Tue Oct 30 2018,7:30p,Philadelphia 76ers,,Toronto Raptors,,,,,,
Wed Oct 31 2018,7:30p,Detroit Pistons,,Brooklyn Nets,,Box Score,OT,,
Wed Oct 31 2018,8:00p,Denver Nuggets,,Chicago Bulls,,Box Score,OT,19027,
Wed Oct 31 2018,10:30p,New Orleans Pelicans,,Golden State Warriors,,,,,,
Wed Oct 31 2018,10:30p,Dallas Mavericks,,Los Angeles Lakers,,,,,,
Wed Oct 31 2018,8:00p,Utah Jazz,,Minnesota Timberwolves,,,,,,
Wed Oct 31 2018,8:00p,Indiana Pacers,,New York Knicks,,,,,,
Wed Oct 31 2018,10:30p,San Antonio Spurs,,Phoenix Suns,,,,,,
Date,Start (ET),Visitor/Neutral,PTS,Home/Neutral,PTS,,,Attend.,Notes
Thu Nov 1 2018,7:30p,Sacramento Kings,,Atlanta Hawks,,,,,,
Thu Nov 1 2018,8:00p,Milwaukee Bucks,,Boston Celtics,,,,,,
Thu Nov 1 2018,7:00p,Oklahoma City Thunder,,Charlotte Hornets,,,,,,
Thu Nov 1 2018,7:00p,Denver Nuggets,,Cleveland Cavaliers,,,,,,
Thu Nov 1 2018,7:00p,Los Angeles Clippers,,Philadelphia 76ers,,,,,,
Thu Nov 1 2018,10:30p,New Orleans Pelicans,,Portland Trail Blazers,,,,,,
Fri Nov 2 2018,7:30p,Houston Rockets,,Brooklyn Nets,,,,,,
Fri Nov 2 2018,8:00p,Indiana Pacers,,Chicago Bulls,,,,,,
Fri Nov 2 2018,8:30p,New York Knicks,,Dallas Mavericks,,,,,,
Fri Nov 2 2018,10:30p,Minnesota Timberwolves,,Golden State Warriors,,,,,,
Fri Nov 2 2018,7:00p,Los Angeles Clippers,,Orlando Magic,,,,,,
Fri Nov 2 2018,10:00p,Toronto Raptors,,Phoenix Suns,,,,,,
Fri Nov 2 2018,9:00p,Memphis Grizzlies,,Utah Jazz,,,,,,
Fri Nov 2 2018,8:00p,Oklahoma City Thunder,,Washington Wizards,,,,,,
Sat Nov 3 2018,7:30p,Miami Heat,,Atlanta Hawks,,,,,,
Sat Nov 3 2018,8:00p,Houston Rockets,,Chicago Bulls,,,,,,
Sat Nov 3 2018,7:00p,Cleveland Cavaliers,,Charlotte Hornets,,,,,,
Sat Nov 3 2018,9:00p,Utah Jazz,,Denver Nuggets,,,,,,
Sat Nov 3 2018,7:00p,Boston Celtics,,Indiana Pacers,,,,,,
Sat Nov 3 2018,1:00p,Detroit Pistons,,Philadelphia 76ers,,,,,,
Sat Nov 3 2018,10:00p,Los Angeles Lakers,,Portland Trail Blazers,,,,,,
Sat Nov 3 2018,8:30p,New Orleans Pelicans,,San Antonio Spurs,,,,,,
Sun Nov 4 2018,6:00p,Philadelphia 76ers,,Brooklyn Nets,,,,,,
Sun Nov 4 2018,9:30p,Toronto Raptors,,Los Angeles Lakers,,,,,,
Sun Nov 4 2018,3:30p,Sacramento Kings,,Milwaukee Bucks,,,,,,
Sun Nov 4 2018,8:00p,Memphis Grizzlies,,Phoenix Suns,,,,,,
Sun Nov 4 2018,9:00p,Minnesota Timberwolves,,Portland Trail Blazers,,,,,,
Sun Nov 4 2018,7:00p,Orlando Magic,,San Antonio Spurs,,,,,,
Sun Nov 4 2018,6:00p,New York Knicks,,Washington Wizards,,,,,,
Mon Nov 5 2018,9:00p,Boston Celtics,,Denver Nuggets,,,,,,
Mon Nov 5 2018,7:00p,Miami Heat,,Detroit Pistons,,Box Score,OT,14148,
Mon Nov 5 2018,10:30p,Memphis Grizzlies,,Golden State Warriors,,,,,,
Mon Nov 5 2018,7:00p,Houston Rockets,,Indiana Pacers,,,,,,
Mon Nov 5 2018,10:30p,Minnesota Timberwolves,,Los Angeles Clippers,,,,,,
Mon Nov 5 2018,7:30p,Chicago Bulls,,New York Knicks,,Box Score,2OT,19812,
Mon Nov 5 2018,8:00p,New Orleans Pelicans,,Oklahoma City Thunder,,,,,,
Mon Nov 5 2018,7:00p,Cleveland Cavaliers,,Orlando Magic,,,,,,
Mon Nov 5 2018,9:00p,Toronto Raptors,,Utah Jazz,,,,,,
Tue Nov 6 2018,7:00p,Atlanta Hawks,,Charlotte Hornets,,,,,,
Tue Nov 6 2018,8:30p,Washington Wizards,,Dallas Mavericks,,,,,,
Tue Nov 6 2018,9:00p,Brooklyn Nets,,Phoenix Suns,,,,,,
Tue Nov 6 2018,10:00p,Milwaukee Bucks,,Portland Trail Blazers,,,,,,
Wed Nov 7 2018,7:30p,New York Knicks,,Atlanta Hawks,,,,,,
Wed Nov 7 2018,7:00p,Oklahoma City Thunder,,Cleveland Cavaliers,,,,,,
Wed Nov 7 2018,8:00p,Philadelphia 76ers,,Indiana Pacers,,,,,,
Wed Nov 7 2018,10:30p,Minnesota Timberwolves,,Los Angeles Lakers,,,,,,
Wed Nov 7 2018,8:00p,Denver Nuggets,,Memphis Grizzlies,,,,,,
Wed Nov 7 2018,7:30p,San Antonio Spurs,,Miami Heat,,,,,,
Wed Nov 7 2018,8:00p,Chicago Bulls,,New Orleans Pelicans,,,,,,
Wed Nov 7 2018,7:00p,Detroit Pistons,,Orlando Magic,,,,,,
Wed Nov 7 2018,10:00p,Toronto Raptors,,Sacramento Kings,,,,,,
Wed Nov 7 2018,9:00p,Dallas Mavericks,,Utah Jazz,,,,,,
Thu Nov 8 2018,10:30p,Milwaukee Bucks,,Golden State Warriors,,,,,,
Thu Nov 8 2018,8:00p,Houston Rockets,,Oklahoma City Thunder,,,,,,
Thu Nov 8 2018,9:00p,Boston Celtics,,Phoenix Suns,,Box Score,OT,17359,
Thu Nov 8 2018,10:00p,Los Angeles Clippers,,Portland Trail Blazers,,,,,,
Fri Nov 9 2018,7:30p,Detroit Pistons,,Atlanta Hawks,,,,,,
Fri Nov 9 2018,9:00p,Brooklyn Nets,,Denver Nuggets,,,,,,
Fri Nov 9 2018,8:00p,Indiana Pacers,,Miami Heat,,,,,,
Fri Nov 9 2018,7:00p,Washington Wizards,,Orlando Magic,,,,,,
Fri Nov 9 2018,7:00p,Charlotte Hornets,,Philadelphia 76ers,,Box Score,OT,20424,
Fri Nov 9 2018,10:00p,Minnesota Timberwolves,,Sacramento Kings,,,,,,
Fri Nov 9 2018,9:30p,Boston Celtics,,Utah Jazz,,,,,,
Sat Nov 10 2018,8:00p,Cleveland Cavaliers,,Chicago Bulls,,,,,
Sat Nov 10 2018,9:00p,Oklahoma City Thunder,,Dallas Mavericks,,,,,
Sat Nov 10 2018,8:30p,Brooklyn Nets,,Golden State Warriors,,,,,
Sat Nov 10 2018,3:30p,Milwaukee Bucks,,Los Angeles Clippers,,,,,
Sat Nov 10 2018,8:00p,Philadelphia 76ers,,Memphis Grizzlies,,,,,
Sat Nov 10 2018,8:00p,Washington Wizards,,Miami Heat,,,,,
Sat Nov 10 2018,7:00p,Phoenix Suns,,New Orleans Pelicans,,,,,
Sat Nov 10 2018,10:00p,Los Angeles Lakers,,Sacramento Kings,,,,,
Sat Nov 10 2018,8:30p,Houston Rockets,,San Antonio Spurs,,,,,
Sat Nov 10 2018,3:00p,New York Knicks,,Toronto Raptors,,,,,
Sun Nov 11 2018,8:00p,Milwaukee Bucks,,Denver Nuggets,,,,,
Sun Nov 11 2018,3:30p,Charlotte Hornets,,Detroit Pistons,,,,,
Sun Nov 11 2018,7:00p,Indiana Pacers,,Houston Rockets,,,,,
Sun Nov 11 2018,9:30p,Atlanta Hawks,,Los Angeles Lakers,,,,,
Sun Nov 11 2018,7:30p,Orlando Magic,,New York Knicks,,,,,
Sun Nov 11 2018,9:00p,Boston Celtics,,Portland Trail Blazers,,,,,
Mon Nov 12 2018,8:00p,Dallas Mavericks,,Chicago Bulls,,,,,
Mon Nov 12 2018,10:30p,Golden State Warriors,,Los Angeles Clippers,,,,,
Mon Nov 12 2018,8:00p,Utah Jazz,,Memphis Grizzlies,,,,,
Mon Nov 12 2018,7:30p,Philadelphia 76ers,,Miami Heat,,,,,
Mon Nov 12 2018,8:00p,Brooklyn Nets,,Minnesota Timberwolves,,,,,
Mon Nov 12 2018,8:00p,Phoenix Suns,,Oklahoma City Thunder,,,,,
Mon Nov 12 2018,10:00p,San Antonio Spurs,,Sacramento Kings,,,,,
Mon Nov 12 2018,7:30p,New Orleans Pelicans,,Toronto Raptors,,,,,
Mon Nov 12 2018,7:00p,Orlando Magic,,Washington Wizards,,,,,
Tue Nov 13 2018,7:00p,Charlotte Hornets,,Cleveland Cavaliers,,,,,
Tue Nov 13 2018,9:00p,Houston Rockets,,Denver Nuggets,,,,,
Tue Nov 13 2018,10:30p,Atlanta Hawks,,Golden State Warriors,,,,,
Wed Nov 14 2018,7:30p,Chicago Bulls,,Boston Celtics,,,,,
Wed Nov 14 2018,7:30p,Miami Heat,,Brooklyn Nets,,,,,
Wed Nov 14 2018,8:30p,Utah Jazz,,Dallas Mavericks,,,,,
Wed Nov 14 2018,10:30p,Portland Trail Blazers,,Los Angeles Lakers,,,,,
Wed Nov 14 2018,8:00p,Memphis Grizzlies,,Milwaukee Bucks,,,,,
Wed Nov 14 2018,8:00p,New Orleans Pelicans,,Minnesota Timberwolves,,,,,
Wed Nov 14 2018,8:00p,New York Knicks,,Oklahoma City Thunder,,,,,
Wed Nov 14 2018,7:00p,Philadelphia 76ers,,Orlando Magic,,,,,
Wed Nov 14 2018,9:00p,San Antonio Spurs,,Phoenix Suns,,,,,
Wed Nov 14 2018,7:30p,Detroit Pistons,,Toronto Raptors,,,,,
Wed Nov 14 2018,7:00p,Cleveland Cavaliers,,Washington Wizards,,,,,
Thu Nov 15 2018,9:00p,Atlanta Hawks,,Denver Nuggets,,,,,
Thu Nov 15 2018,8:00p,Golden State Warriors,,Houston Rockets,,,,,
Thu Nov 15 2018,10:30p,San Antonio Spurs,,Los Angeles Clippers,,,,,
Fri Nov 16 2018,7:00p,Toronto Raptors,,Boston Celtics,,,,,
Fri Nov 16 2018,7:00p,Miami Heat,,Indiana Pacers,,,,,
Fri Nov 16 2018,8:00p,Sacramento Kings,,Memphis Grizzlies,,,,,
Fri Nov 16 2018,9:30p,Chicago Bulls,,Milwaukee Bucks,,,,,
Fri Nov 16 2018,8:00p,Portland Trail Blazers,,Minnesota Timberwolves,,,,,
Fri Nov 16 2018,8:00p,New York Knicks,,New Orleans Pelicans,,,,,
Fri Nov 16 2018,7:00p,Utah Jazz,,Philadelphia 76ers,,,,,
Fri Nov 16 2018,7:00p,Brooklyn Nets,,Washington Wizards,,,,,
Sat Nov 17 2018,7:30p,Utah Jazz,,Boston Celtics,,,,,
Sat Nov 17 2018,6:00p,Los Angeles Clippers,,Brooklyn Nets,,,,,
Sat Nov 17 2018,8:00p,Toronto Raptors,,Chicago Bulls,,,,,
Sat Nov 17 2018,7:00p,Philadelphia 76ers,,Charlotte Hornets,,,,,
Sat Nov 17 2018,8:30p,Golden State Warriors,,Dallas Mavericks,,,,,
Sat Nov 17 2018,8:00p,Sacramento Kings,,Houston Rockets,,,,,
Sat Nov 17 2018,7:00p,Atlanta Hawks,,Indiana Pacers,,,,,
Sat Nov 17 2018,7:00p,Denver Nuggets,,New Orleans Pelicans,,,,,
Sat Nov 17 2018,7:00p,Los Angeles Lakers,,Orlando Magic,,,,,
Sat Nov 17 2018,9:00p,Oklahoma City Thunder,,Phoenix Suns,,,,,
Sun Nov 18 2018,6:00p,Los Angeles Lakers,,Miami Heat,,,,,
Sun Nov 18 2018,3:30p,Memphis Grizzlies,,Minnesota Timberwolves,,,,,
Sun Nov 18 2018,6:00p,New York Knicks,,Orlando Magic,,,,,
Sun Nov 18 2018,7:00p,Golden State Warriors,,San Antonio Spurs,,,,,
Sun Nov 18 2018,6:00p,Portland Trail Blazers,,Washington Wizards,,,,,
Mon Nov 19 2018,7:30p,Los Angeles Clippers,,Atlanta Hawks,,,,,
Mon Nov 19 2018,7:00p,Boston Celtics,,Charlotte Hornets,,,,,
Mon Nov 19 2018,7:00p,Cleveland Cavaliers,,Detroit Pistons,,,,,
Mon Nov 19 2018,7:00p,Utah Jazz,,Indiana Pacers,,,,,
Mon Nov 19 2018,8:00p,Dallas Mavericks,,Memphis Grizzlies,,,,,
Mon Nov 19 2018,8:00p,Denver Nuggets,,Milwaukee Bucks,,,,,
Mon Nov 19 2018,8:00p,San Antonio Spurs,,New Orleans Pelicans,,,,,
Mon Nov 19 2018,7:00p,Phoenix Suns,,Philadelphia 76ers,,,,,
Mon Nov 19 2018,10:00p,Oklahoma City Thunder,,Sacramento Kings,,,,,
Tue Nov 20 2018,7:30p,Brooklyn Nets,,Miami Heat,,,,,
Tue Nov 20 2018,7:30p,Portland Trail Blazers,,New York Knicks,,,,,
Tue Nov 20 2018,7:00p,Toronto Raptors,,Orlando Magic,,,,,
Tue Nov 20 2018,7:00p,Los Angeles Clippers,,Washington Wizards,,,,,
Wed Nov 21 2018,7:30p,Toronto Raptors,,Atlanta Hawks,,,,,
Wed Nov 21 2018,7:30p,New York Knicks,,Boston Celtics,,,,,
Wed Nov 21 2018,8:00p,Phoenix Suns,,Chicago Bulls,,,,,
Wed Nov 21 2018,7:00p,Indiana Pacers,,Charlotte Hornets,,,,,
Wed Nov 21 2018,8:00p,Los Angeles Lakers,,Cleveland Cavaliers,,,,,
Wed Nov 21 2018,8:30p,Brooklyn Nets,,Dallas Mavericks,,,,,
Wed Nov 21 2018,10:30p,Oklahoma City Thunder,,Golden State Warriors,,,,,
Wed Nov 21 2018,8:00p,Detroit Pistons,,Houston Rockets,,,,,
Wed Nov 21 2018,8:00p,Portland Trail Blazers,,Milwaukee Bucks,,,,,
Wed Nov 21 2018,8:00p,Denver Nuggets,,Minnesota Timberwolves,,,,,
Wed Nov 21 2018,7:00p,New Orleans Pelicans,,Philadelphia 76ers,,,,,
Wed Nov 21 2018,8:30p,Memphis Grizzlies,,San Antonio Spurs,,,,,
Wed Nov 21 2018,9:00p,Sacramento Kings,,Utah Jazz,,,,,
Fri Nov 23 2018,7:30p,Boston Celtics,,Atlanta Hawks,,,,,
Fri Nov 23 2018,12:00p,Minnesota Timberwolves,,Brooklyn Nets,,,,,
Fri Nov 23 2018,8:00p,Miami Heat,,Chicago Bulls,,,,,
Fri Nov 23 2018,9:00p,Orlando Magic,,Denver Nuggets,,,,,
Fri Nov 23 2018,7:00p,Houston Rockets,,Detroit Pistons,,,,,
Fri Nov 23 2018,10:30p,Portland Trail Blazers,,Golden State Warriors,,,,,
Fri Nov 23 2018,8:00p,San Antonio Spurs,,Indiana Pacers,,,,,
Fri Nov 23 2018,3:30p,Memphis Grizzlies,,Los Angeles Clippers,,,,,
Fri Nov 23 2018,10:30p,Utah Jazz,,Los Angeles Lakers,,,,,
Fri Nov 23 2018,8:30p,Phoenix Suns,,Milwaukee Bucks,,,,,
Fri Nov 23 2018,7:30p,New Orleans Pelicans,,New York Knicks,,,,,
Fri Nov 23 2018,8:00p,Charlotte Hornets,,Oklahoma City Thunder,,,,,
Fri Nov 23 2018,7:30p,Cleveland Cavaliers,,Philadelphia 76ers,,,,,
Fri Nov 23 2018,7:30p,Washington Wizards,,Toronto Raptors,,,,,
Sat Nov 24 2018,7:30p,Houston Rockets,,Cleveland Cavaliers,,,,,
Sat Nov 24 2018,8:30p,Boston Celtics,,Dallas Mavericks,,,,,
Sat Nov 24 2018,8:30p,Sacramento Kings,,Golden State Warriors,,,,,
Sat Nov 24 2018,8:30p,San Antonio Spurs,,Milwaukee Bucks,,,,,
Sat Nov 24 2018,8:00p,Chicago Bulls,,Minnesota Timberwolves,,,,,
Sat Nov 24 2018,8:00p,Denver Nuggets,,Oklahoma City Thunder,,,,,
Sat Nov 24 2018,8:00p,New Orleans Pelicans,,Washington Wizards,,,,,
Sun Nov 25 2018,6:00p,Charlotte Hornets,,Atlanta Hawks,,,,,
Sun Nov 25 2018,6:00p,Philadelphia 76ers,,Brooklyn Nets,,,,,
Sun Nov 25 2018,4:00p,Phoenix Suns,,Detroit Pistons,,,,,
Sun Nov 25 2018,3:30p,Orlando Magic,,Los Angeles Lakers,,,,,
Sun Nov 25 2018,6:00p,New York Knicks,,Memphis Grizzlies,,,,,
Sun Nov 25 2018,9:00p,Los Angeles Clippers,,Portland Trail Blazers,,,,,
Sun Nov 25 2018,8:00p,Utah Jazz,,Sacramento Kings,,,,,
Sun Nov 25 2018,6:00p,Miami Heat,,Toronto Raptors,,,,,
Mon Nov 26 2018,8:00p,San Antonio Spurs,,Chicago Bulls,,,,,
Mon Nov 26 2018,7:00p,Milwaukee Bucks,,Charlotte Hornets,,,,,
Mon Nov 26 2018,7:00p,Minnesota Timberwolves,,Cleveland Cavaliers,,,,,
Mon Nov 26 2018,10:30p,Orlando Magic,,Golden State Warriors,,,,,
Mon Nov 26 2018,8:00p,Boston Celtics,,New Orleans Pelicans,,,,,
Mon Nov 26 2018,9:00p,Indiana Pacers,,Utah Jazz,,,,,
Mon Nov 26 2018,7:00p,Houston Rockets,,Washington Wizards,,,,,
Tue Nov 27 2018,9:00p,Los Angeles Lakers,,Denver Nuggets,,,,,
Tue Nov 27 2018,7:00p,New York Knicks,,Detroit Pistons,,,,,
Tue Nov 27 2018,8:00p,Toronto Raptors,,Memphis Grizzlies,,,,,
Tue Nov 27 2018,7:30p,Atlanta Hawks,,Miami Heat,,,,,
Tue Nov 27 2018,9:00p,Indiana Pacers,,Phoenix Suns,,,,,
Wed Nov 28 2018,7:30p,Utah Jazz,,Brooklyn Nets,,,,,
Wed Nov 28 2018,7:00p,Atlanta Hawks,,Charlotte Hornets,,,,,
Wed Nov 28 2018,8:00p,Dallas Mavericks,,Houston Rockets,,,,,
Wed Nov 28 2018,10:30p,Phoenix Suns,,Los Angeles Clippers,,,,,
Wed Nov 28 2018,8:00p,Chicago Bulls,,Milwaukee Bucks,,,,,
Wed Nov 28 2018,8:00p,San Antonio Spurs,,Minnesota Timberwolves,,,,,
Wed Nov 28 2018,8:00p,Washington Wizards,,New Orleans Pelicans,,,,,
Wed Nov 28 2018,8:00p,Cleveland Cavaliers,,Oklahoma City Thunder,,,,,
Wed Nov 28 2018,7:00p,New York Knicks,,Philadelphia 76ers,,,,,
Wed Nov 28 2018,10:00p,Orlando Magic,,Portland Trail Blazers,,,,,
Thu Nov 29 2018,10:30p,Indiana Pacers,,Los Angeles Lakers,,,,,
Thu Nov 29 2018,10:30p,Los Angeles Clippers,,Sacramento Kings,,,,,
Thu Nov 29 2018,8:00p,Golden State Warriors,,Toronto Raptors,,,,,
Fri Nov 30 2018,7:00p,Cleveland Cavaliers,,Boston Celtics,,,,,
Fri Nov 30 2018,7:30p,Memphis Grizzlies,,Brooklyn Nets,,,,,
Fri Nov 30 2018,7:00p,Utah Jazz,,Charlotte Hornets,,,,,
Fri Nov 30 2018,7:00p,Chicago Bulls,,Detroit Pistons,,,,,
Fri Nov 30 2018,10:30p,Dallas Mavericks,,Los Angeles Lakers,,,,,
Fri Nov 30 2018,8:00p,New Orleans Pelicans,,Miami Heat,,,,,
Fri Nov 30 2018,8:00p,Atlanta Hawks,,Oklahoma City Thunder,,,,,
Fri Nov 30 2018,7:00p,Washington Wizards,,Philadelphia 76ers,,,,,
Fri Nov 30 2018,9:00p,Orlando Magic,,Phoenix Suns,,,,,
Fri Nov 30 2018,10:30p,Denver Nuggets,,Portland Trail Blazers,,,,,
Fri Nov 30 2018,8:00p,Houston Rockets,,San Antonio Spurs,,,,,
Date,Start (ET),Visitor/Neutral,PTS,Home/Neutral,PTS,,,Attend.,Notes
Sat Dec 1 2018,8:00p,Toronto Raptors,,Cleveland Cavaliers,,,,,
Sat Dec 1 2018,7:00p,Golden State Warriors,,Detroit Pistons,,,,,
Sat Dec 1 2018,8:00p,Chicago Bulls,,Houston Rockets,,,,,
Sat Dec 1 2018,8:00p,Boston Celtics,,Minnesota Timberwolves,,,,,
Sat Dec 1 2018,5:00p,Milwaukee Bucks,,New York Knicks,,,,,
Sat Dec 1 2018,10:00p,Indiana Pacers,,Sacramento Kings,,,,,
Sat Dec 1 2018,7:00p,Brooklyn Nets,,Washington Wizards,,,,,
Sun Dec 2 2018,5:00p,New Orleans Pelicans,,Charlotte Hornets,,,,,
Sun Dec 2 2018,7:00p,Los Angeles Clippers,,Dallas Mavericks,,,,,
Sun Dec 2 2018,3:30p,Phoenix Suns,,Los Angeles Lakers,,,,,
Sun Dec 2 2018,6:00p,Utah Jazz,,Miami Heat,,,,,
Sun Dec 2 2018,6:00p,Memphis Grizzlies,,Philadelphia 76ers,,,,,
Sun Dec 2 2018,7:00p,Portland Trail Blazers,,San Antonio Spurs,,,,,
Mon Dec 3 2018,7:30p,Golden State Warriors,,Atlanta Hawks,,,,,
Mon Dec 3 2018,7:30p,Cleveland Cavaliers,,Brooklyn Nets,,,,,
Mon Dec 3 2018,7:00p,Oklahoma City Thunder,,Detroit Pistons,,,,,
Mon Dec 3 2018,8:00p,Houston Rockets,,Minnesota Timberwolves,,,,,
Mon Dec 3 2018,8:00p,Los Angeles Clippers,,New Orleans Pelicans,,,,,
Mon Dec 3 2018,7:30p,Washington Wizards,,New York Knicks,,,,,
Mon Dec 3 2018,7:30p,Denver Nuggets,,Toronto Raptors,,,,,
Tue Dec 4 2018,8:30p,Portland Trail Blazers,,Dallas Mavericks,,,,,
Tue Dec 4 2018,7:00p,Chicago Bulls,,Indiana Pacers,,,,,
Tue Dec 4 2018,7:30p,Orlando Magic,,Miami Heat,,,,,
Tue Dec 4 2018,9:00p,Sacramento Kings,,Phoenix Suns,,,,,
Tue Dec 4 2018,9:00p,San Antonio Spurs,,Utah Jazz,,,,,
Wed Dec 5 2018,7:30p,Washington Wizards,,Atlanta Hawks,,,,,
Wed Dec 5 2018,7:30p,Oklahoma City Thunder,,Brooklyn Nets,,,,,
Wed Dec 5 2018,7:00p,Golden State Warriors,,Cleveland Cavaliers,,,,,
Wed Dec 5 2018,10:30p,San Antonio Spurs,,Los Angeles Lakers,,,,,
Wed Dec 5 2018,8:00p,Los Angeles Clippers,,Memphis Grizzlies,,,,,
Wed Dec 5 2018,8:00p,Detroit Pistons,,Milwaukee Bucks,,,,,
Wed Dec 5 2018,8:00p,Charlotte Hornets,,Minnesota Timberwolves,,,,,
Wed Dec 5 2018,8:00p,Dallas Mavericks,,New Orleans Pelicans,,,,,
Wed Dec 5 2018,7:00p,Denver Nuggets,,Orlando Magic,,,,,
Wed Dec 5 2018,8:00p,Philadelphia 76ers,,Toronto Raptors,,,,,
Thu Dec 6 2018,8:00p,New York Knicks,,Boston Celtics,,,,,
Thu Dec 6 2018,10:00p,Phoenix Suns,,Portland Trail Blazers,,,,,
Thu Dec 6 2018,10:30p,Houston Rockets,,Utah Jazz,,,,,
Fri Dec 7 2018,7:30p,Toronto Raptors,,Brooklyn Nets,,,,,
Fri Dec 7 2018,8:00p,Oklahoma City Thunder,,Chicago Bulls,,,,,
Fri Dec 7 2018,7:00p,Denver Nuggets,,Charlotte Hornets,,,,,
Fri Dec 7 2018,7:30p,Sacramento Kings,,Cleveland Cavaliers,,,,,
Fri Dec 7 2018,7:00p,Philadelphia 76ers,,Detroit Pistons,,,,,
Fri Dec 7 2018,9:30p,Golden State Warriors,,Milwaukee Bucks,,,,,
Fri Dec 7 2018,8:00p,Memphis Grizzlies,,New Orleans Pelicans,,,,,
Fri Dec 7 2018,7:00p,Indiana Pacers,,Orlando Magic,,,,,
Fri Dec 7 2018,9:00p,Miami Heat,,Phoenix Suns,,,,,
Fri Dec 7 2018,8:30p,Los Angeles Lakers,,San Antonio Spurs,,,,,
Sat Dec 8 2018,7:30p,Denver Nuggets,,Atlanta Hawks,,,,,
Sat Dec 8 2018,8:00p,Boston Celtics,,Chicago Bulls,,,,,
Sat Dec 8 2018,7:30p,Washington Wizards,,Cleveland Cavaliers,,,,,
Sat Dec 8 2018,6:00p,Houston Rockets,,Dallas Mavericks,,,,,
Sat Dec 8 2018,7:00p,Sacramento Kings,,Indiana Pacers,,,,,
Sat Dec 8 2018,10:30p,Miami Heat,,Los Angeles Clippers,,,,,
Sat Dec 8 2018,8:00p,Los Angeles Lakers,,Memphis Grizzlies,,,,,
Sat Dec 8 2018,7:30p,Brooklyn Nets,,New York Knicks,,,,,
Sat Dec 8 2018,10:00p,Minnesota Timberwolves,,Portland Trail Blazers,,,,,
Sun Dec 9 2018,3:30p,New Orleans Pelicans,,Detroit Pistons,,,,,
Sun Dec 9 2018,7:30p,Charlotte Hornets,,New York Knicks,,,,,
Sun Dec 9 2018,7:00p,Utah Jazz,,San Antonio Spurs,,,,,
Sun Dec 9 2018,6:00p,Milwaukee Bucks,,Toronto Raptors,,,,,
Mon Dec 10 2018,7:30p,New Orleans Pelicans,,Boston Celtics,,,,,
Mon Dec 10 2018,8:00p,Sacramento Kings,,Chicago Bulls,,,,,
Mon Dec 10 2018,8:30p,Orlando Magic,,Dallas Mavericks,,,,,
Mon Dec 10 2018,9:00p,Memphis Grizzlies,,Denver Nuggets,,,,,
Mon Dec 10 2018,10:30p,Minnesota Timberwolves,,Golden State Warriors,,,,,
Mon Dec 10 2018,7:00p,Washington Wizards,,Indiana Pacers,,,,,
Mon Dec 10 2018,10:30p,Miami Heat,,Los Angeles Lakers,,,,,
Mon Dec 10 2018,8:00p,Cleveland Cavaliers,,Milwaukee Bucks,,,,,
Mon Dec 10 2018,8:00p,Utah Jazz,,Oklahoma City Thunder,,,,,
Mon Dec 10 2018,7:00p,Detroit Pistons,,Philadelphia 76ers,,,,,
Mon Dec 10 2018,9:00p,Los Angeles Clippers,,Phoenix Suns,,,,,
Tue Dec 11 2018,8:00p,Portland Trail Blazers,,Houston Rockets,,,,,
Tue Dec 11 2018,10:30p,Toronto Raptors,,Los Angeles Clippers,,,,,
Tue Dec 11 2018,8:30p,Phoenix Suns,,San Antonio Spurs,,,,,
Wed Dec 12 2018,7:00p,Detroit Pistons,,Charlotte Hornets,,,,,
Wed Dec 12 2018,7:00p,New York Knicks,,Cleveland Cavaliers,,,,,
Wed Dec 12 2018,8:30p,Atlanta Hawks,,Dallas Mavericks,,,,,
Wed Dec 12 2018,10:30p,Toronto Raptors,,Golden State Warriors,,,,,
Wed Dec 12 2018,7:00p,Milwaukee Bucks,,Indiana Pacers,,,,,
Wed Dec 12 2018,8:00p,Portland Trail Blazers,,Memphis Grizzlies,,,,,
Wed Dec 12 2018,8:00p,Oklahoma City Thunder,,New Orleans Pelicans,,,,,
Wed Dec 12 2018,7:00p,Brooklyn Nets,,Philadelphia 76ers,,,,,
Wed Dec 12 2018,10:00p,Minnesota Timberwolves,,Sacramento Kings,,,,,
Wed Dec 12 2018,9:00p,Miami Heat,,Utah Jazz,,,,,
Wed Dec 12 2018,7:00p,Boston Celtics,,Washington Wizards,,,,,
Thu Dec 13 2018,8:00p,Los Angeles Lakers,,Houston Rockets,,,,,
Thu Dec 13 2018,9:30p,Chicago Bulls,,Orlando Magic,,,,,
Thu Dec 13 2018,10:30p,Dallas Mavericks,,Phoenix Suns,,,,,
Thu Dec 13 2018,8:30p,Los Angeles Clippers,,San Antonio Spurs,,,,,
Fri Dec 14 2018,7:00p,Atlanta Hawks,,Boston Celtics,,,,,
Fri Dec 14 2018,7:30p,Washington Wizards,,Brooklyn Nets,,,,,
Fri Dec 14 2018,7:00p,New York Knicks,,Charlotte Hornets,,,,,
Fri Dec 14 2018,7:30p,Milwaukee Bucks,,Cleveland Cavaliers,,,,,
Fri Dec 14 2018,10:00p,Oklahoma City Thunder,,Denver Nuggets,,,,,
Fri Dec 14 2018,8:00p,Miami Heat,,Memphis Grizzlies,,,,,
Fri Dec 14 2018,7:30p,Indiana Pacers,,Philadelphia 76ers,,,,,
Fri Dec 14 2018,10:00p,Toronto Raptors,,Portland Trail Blazers,,,,,
Fri Dec 14 2018,10:00p,Golden State Warriors,,Sacramento Kings,,,,,
Sat Dec 15 2018,7:00p,Los Angeles Lakers,,Charlotte Hornets,,,,,
Sat Dec 15 2018,7:00p,Boston Celtics,,Detroit Pistons,,,,,
Sat Dec 15 2018,8:00p,Houston Rockets,,Memphis Grizzlies,,,,,
Sat Dec 15 2018,9:00p,Los Angeles Clippers,,Oklahoma City Thunder,,,,,
Sat Dec 15 2018,5:00p,Utah Jazz,,Orlando Magic,,,,,
Sat Dec 15 2018,9:00p,Minnesota Timberwolves,,Phoenix Suns,,,,,
Sat Dec 15 2018,8:30p,Chicago Bulls,,San Antonio Spurs,,,,,
Sun Dec 16 2018,3:00p,Atlanta Hawks,,Brooklyn Nets,,,,,
Sun Dec 16 2018,3:30p,Philadelphia 76ers,,Cleveland Cavaliers,,,,,
Sun Dec 16 2018,7:00p,Sacramento Kings,,Dallas Mavericks,,,,,
Sun Dec 16 2018,8:00p,Toronto Raptors,,Denver Nuggets,,,,,
Sun Dec 16 2018,5:00p,New York Knicks,,Indiana Pacers,,,,,
Sun Dec 16 2018,7:00p,Miami Heat,,New Orleans Pelicans,,,,,
Sun Dec 16 2018,6:00p,Los Angeles Lakers,,Washington Wizards,,,,,
Mon Dec 17 2018,7:00p,Milwaukee Bucks,,Detroit Pistons,,,,,
Mon Dec 17 2018,10:30p,Memphis Grizzlies,,Golden State Warriors,,,,,
Mon Dec 17 2018,8:00p,Utah Jazz,,Houston Rockets,,,,,
Mon Dec 17 2018,10:30p,Portland Trail Blazers,,Los Angeles Clippers,,,,,
Mon Dec 17 2018,8:00p,Sacramento Kings,,Minnesota Timberwolves,,,,,
Mon Dec 17 2018,7:30p,Phoenix Suns,,New York Knicks,,,,,
Mon Dec 17 2018,8:00p,Chicago Bulls,,Oklahoma City Thunder,,,,,
Mon Dec 17 2018,8:30p,Philadelphia 76ers,,San Antonio Spurs,,,,,
Tue Dec 18 2018,7:30p,Washington Wizards,,Atlanta Hawks,,,,,
Tue Dec 18 2018,7:30p,Los Angeles Lakers,,Brooklyn Nets,,,,,
Tue Dec 18 2018,9:00p,Dallas Mavericks,,Denver Nuggets,,,,,
Tue Dec 18 2018,7:00p,Cleveland Cavaliers,,Indiana Pacers,,,,,
Wed Dec 19 2018,7:30p,Phoenix Suns,,Boston Celtics,,,,,
Wed Dec 19 2018,8:00p,Brooklyn Nets,,Chicago Bulls,,,,,
Wed Dec 19 2018,7:00p,Cleveland Cavaliers,,Charlotte Hornets,,,,,
Wed Dec 19 2018,8:00p,Washington Wizards,,Houston Rockets,,,,,
Wed Dec 19 2018,8:00p,New Orleans Pelicans,,Milwaukee Bucks,,,,,
Wed Dec 19 2018,8:00p,Detroit Pistons,,Minnesota Timberwolves,,,,,
Wed Dec 19 2018,7:00p,San Antonio Spurs,,Orlando Magic,,,,,
Wed Dec 19 2018,7:00p,New York Knicks,,Philadelphia 76ers,,,,,
Wed Dec 19 2018,10:00p,Memphis Grizzlies,,Portland Trail Blazers,,,,,
Wed Dec 19 2018,10:00p,Oklahoma City Thunder,,Sacramento Kings,,,,,
Wed Dec 19 2018,7:30p,Indiana Pacers,,Toronto Raptors,,,,,
Wed Dec 19 2018,9:00p,Golden State Warriors,,Utah Jazz,,,,,
Thu Dec 20 2018,10:30p,Dallas Mavericks,,Los Angeles Clippers,,,,,
Thu Dec 20 2018,8:00p,Houston Rockets,,Miami Heat,,,,,
Fri Dec 21 2018,8:00p,Milwaukee Bucks,,Boston Celtics,,,,,
Fri Dec 21 2018,7:30p,Indiana Pacers,,Brooklyn Nets,,,,,
Fri Dec 21 2018,8:00p,Orlando Magic,,Chicago Bulls,,,,,
Fri Dec 21 2018,7:00p,Detroit Pistons,,Charlotte Hornets,,,,,
Fri Dec 21 2018,10:30p,New Orleans Pelicans,,Los Angeles Lakers,,,,,
Fri Dec 21 2018,7:30p,Atlanta Hawks,,New York Knicks,,,,,
Fri Dec 21 2018,10:00p,Utah Jazz,,Portland Trail Blazers,,,,,
Fri Dec 21 2018,10:00p,Memphis Grizzlies,,Sacramento Kings,,,,,
Fri Dec 21 2018,8:30p,Minnesota Timberwolves,,San Antonio Spurs,,,,,
Fri Dec 21 2018,7:00p,Cleveland Cavaliers,,Toronto Raptors,,,,,
Sat Dec 22 2018,8:30p,Dallas Mavericks,,Golden State Warriors,,,,,
Sat Dec 22 2018,8:00p,San Antonio Spurs,,Houston Rockets,,,,,
Sat Dec 22 2018,5:00p,Denver Nuggets,,Los Angeles Clippers,,,,,
Sat Dec 22 2018,8:00p,Milwaukee Bucks,,Miami Heat,,,,,
Sat Dec 22 2018,7:30p,Toronto Raptors,,Philadelphia 76ers,,,,,
Sat Dec 22 2018,9:00p,Oklahoma City Thunder,,Utah Jazz,,,,,
Sat Dec 22 2018,7:00p,Phoenix Suns,,Washington Wizards,,,,,
Sun Dec 23 2018,6:00p,Charlotte Hornets,,Boston Celtics,,,,,
Sun Dec 23 2018,6:00p,Phoenix Suns,,Brooklyn Nets,,,,,
Sun Dec 23 2018,6:00p,Chicago Bulls,,Cleveland Cavaliers,,,,,
Sun Dec 23 2018,4:00p,Atlanta Hawks,,Detroit Pistons,,,,,
Sun Dec 23 2018,8:30p,Los Angeles Clippers,,Golden State Warriors,,,,,
Sun Dec 23 2018,5:00p,Washington Wizards,,Indiana Pacers,,,,,
Sun Dec 23 2018,9:30p,Memphis Grizzlies,,Los Angeles Lakers,,,,,
Sun Dec 23 2018,8:00p,Minnesota Timberwolves,,Oklahoma City Thunder,,,,,
Sun Dec 23 2018,6:00p,Miami Heat,,Orlando Magic,,,,,
Sun Dec 23 2018,9:00p,Dallas Mavericks,,Portland Trail Blazers,,,,,
Sun Dec 23 2018,6:00p,New Orleans Pelicans,,Sacramento Kings,,,,,
Tue Dec 25 2018,5:30p,Philadelphia 76ers,,Boston Celtics,,,,,
Tue Dec 25 2018,8:00p,Los Angeles Lakers,,Golden State Warriors,,,,,
Tue Dec 25 2018,3:00p,Oklahoma City Thunder,,Houston Rockets,,,,,
Tue Dec 25 2018,12:00p,Milwaukee Bucks,,New York Knicks,,,,,
Tue Dec 25 2018,10:30p,Portland Trail Blazers,,Utah Jazz,,,,,
Wed Dec 26 2018,7:30p,Indiana Pacers,,Atlanta Hawks,,,,,
Wed Dec 26 2018,7:30p,Charlotte Hornets,,Brooklyn Nets,,,,,
Wed Dec 26 2018,8:00p,Minnesota Timberwolves,,Chicago Bulls,,,,,
Wed Dec 26 2018,8:30p,New Orleans Pelicans,,Dallas Mavericks,,,,,
Wed Dec 26 2018,7:00p,Washington Wizards,,Detroit Pistons,,,,,
Wed Dec 26 2018,10:30p,Sacramento Kings,,Los Angeles Clippers,,,,,
Wed Dec 26 2018,8:00p,Cleveland Cavaliers,,Memphis Grizzlies,,,,,
Wed Dec 26 2018,7:30p,Toronto Raptors,,Miami Heat,,,,,
Wed Dec 26 2018,7:00p,Phoenix Suns,,Orlando Magic,,,,,
Wed Dec 26 2018,8:30p,Denver Nuggets,,San Antonio Spurs,,,,,
Thu Dec 27 2018,10:30p,Portland Trail Blazers,,Golden State Warriors,,,,,
Thu Dec 27 2018,8:00p,Boston Celtics,,Houston Rockets,,,,,
Thu Dec 27 2018,8:00p,New York Knicks,,Milwaukee Bucks,,,,,
Thu Dec 27 2018,10:00p,Los Angeles Lakers,,Sacramento Kings,,,,,
Thu Dec 27 2018,10:30p,Philadelphia 76ers,,Utah Jazz,,,,,
Fri Dec 28 2018,7:00p,Brooklyn Nets,,Charlotte Hornets,,,,,
Fri Dec 28 2018,9:00p,San Antonio Spurs,,Denver Nuggets,,,,,
Fri Dec 28 2018,7:00p,Detroit Pistons,,Indiana Pacers,,,,,
Fri Dec 28 2018,10:30p,Los Angeles Clippers,,Los Angeles Lakers,,,,,
Fri Dec 28 2018,8:00p,Cleveland Cavaliers,,Miami Heat,,,,,
Fri Dec 28 2018,8:00p,Atlanta Hawks,,Minnesota Timberwolves,,,,,
Fri Dec 28 2018,8:00p,Dallas Mavericks,,New Orleans Pelicans,,,,,
Fri Dec 28 2018,7:00p,Toronto Raptors,,Orlando Magic,,,,,
Fri Dec 28 2018,9:00p,Oklahoma City Thunder,,Phoenix Suns,,,,,
Fri Dec 28 2018,7:00p,Chicago Bulls,,Washington Wizards,,,,,
Sat Dec 29 2018,7:30p,Cleveland Cavaliers,,Atlanta Hawks,,,,,
Sat Dec 29 2018,10:30p,San Antonio Spurs,,Los Angeles Clippers,,,,,
Sat Dec 29 2018,8:00p,Boston Celtics,,Memphis Grizzlies,,,,,
Sat Dec 29 2018,5:00p,Brooklyn Nets,,Milwaukee Bucks,,,,,
Sat Dec 29 2018,7:00p,Houston Rockets,,New Orleans Pelicans,,,,,
Sat Dec 29 2018,9:00p,Denver Nuggets,,Phoenix Suns,,,,,
Sat Dec 29 2018,10:00p,Golden State Warriors,,Portland Trail Blazers,,,,,
Sat Dec 29 2018,8:00p,New York Knicks,,Utah Jazz,,,,,
Sat Dec 29 2018,7:00p,Charlotte Hornets,,Washington Wizards,,,,,
Sun Dec 30 2018,7:00p,Oklahoma City Thunder,,Dallas Mavericks,,,,,
Sun Dec 30 2018,9:30p,Sacramento Kings,,Los Angeles Lakers,,,,,
Sun Dec 30 2018,6:00p,Minnesota Timberwolves,,Miami Heat,,,,,
Sun Dec 30 2018,3:30p,Detroit Pistons,,Orlando Magic,,,,,
Sun Dec 30 2018,9:00p,Philadelphia 76ers,,Portland Trail Blazers,,,,,
Sun Dec 30 2018,6:00p,Chicago Bulls,,Toronto Raptors,,,,,
Mon Dec 31 2018,6:00p,Orlando Magic,,Charlotte Hornets,,,,,
Mon Dec 31 2018,7:00p,Memphis Grizzlies,,Houston Rockets,,,,,
Mon Dec 31 2018,3:00p,Atlanta Hawks,,Indiana Pacers,,,,,
Mon Dec 31 2018,8:00p,Minnesota Timberwolves,,New Orleans Pelicans,,,,,
Mon Dec 31 2018,8:00p,Dallas Mavericks,,Oklahoma City Thunder,,,,,
Mon Dec 31 2018,9:00p,Golden State Warriors,,Phoenix Suns,,,,,
Mon Dec 31 2018,7:00p,Boston Celtics,,San Antonio Spurs,,,,,
Date,Start (ET),Visitor/Neutral,PTS,Home/Neutral,PTS,,,Attend.,Notes
Tue Jan 1 2019,9:00p,New York Knicks,,Denver Nuggets,,,,,
Tue Jan 1 2019,10:30p,Philadelphia 76ers,,Los Angeles Clippers,,,,,
Tue Jan 1 2019,8:00p,Detroit Pistons,,Milwaukee Bucks,,,,,
Tue Jan 1 2019,9:00p,Portland Trail Blazers,,Sacramento Kings,,,,,
Tue Jan 1 2019,7:30p,Utah Jazz,,Toronto Raptors,,,,,
Wed Jan 2 2019,8:00p,Minnesota Timberwolves,,Boston Celtics,,,,,
Wed Jan 2 2019,7:30p,New Orleans Pelicans,,Brooklyn Nets,,,,,
Wed Jan 2 2019,8:00p,Orlando Magic,,Chicago Bulls,,,,,
Wed Jan 2 2019,7:00p,Dallas Mavericks,,Charlotte Hornets,,,,,
Wed Jan 2 2019,7:00p,Miami Heat,,Cleveland Cavaliers,,,,,
Wed Jan 2 2019,10:30p,Oklahoma City Thunder,,Los Angeles Lakers,,,,,
Wed Jan 2 2019,8:00p,Detroit Pistons,,Memphis Grizzlies,,,,,
Wed Jan 2 2019,9:00p,Philadelphia 76ers,,Phoenix Suns,,,,,
Wed Jan 2 2019,7:00p,Atlanta Hawks,,Washington Wizards,,,,,
Thu Jan 3 2019,10:30p,Houston Rockets,,Golden State Warriors,,,,,
Thu Jan 3 2019,10:00p,Denver Nuggets,,Sacramento Kings,,,,,
Thu Jan 3 2019,8:00p,Toronto Raptors,,San Antonio Spurs,,,,,
Fri Jan 4 2019,7:30p,Dallas Mavericks,,Boston Celtics,,,,,
Fri Jan 4 2019,8:00p,Indiana Pacers,,Chicago Bulls,,,,,
Fri Jan 4 2019,7:30p,Utah Jazz,,Cleveland Cavaliers,,,,,
Fri Jan 4 2019,10:30p,New York Knicks,,Los Angeles Lakers,,,,,
Fri Jan 4 2019,8:00p,Brooklyn Nets,,Memphis Grizzlies,,,,,
Fri Jan 4 2019,8:00p,Washington Wizards,,Miami Heat,,,,,
Fri Jan 4 2019,8:30p,Atlanta Hawks,,Milwaukee Bucks,,,,,
Fri Jan 4 2019,8:00p,Orlando Magic,,Minnesota Timberwolves,,,,,
Fri Jan 4 2019,9:00p,Los Angeles Clippers,,Phoenix Suns,,,,,
Fri Jan 4 2019,10:30p,Oklahoma City Thunder,,Portland Trail Blazers,,,,,
Sat Jan 5 2019,8:00p,New Orleans Pelicans,,Cleveland Cavaliers,,,,,
Sat Jan 5 2019,5:00p,Charlotte Hornets,,Denver Nuggets,,,,,
Sat Jan 5 2019,7:00p,Utah Jazz,,Detroit Pistons,,,,,
Sat Jan 5 2019,8:30p,Toronto Raptors,,Milwaukee Bucks,,,,,
Sat Jan 5 2019,7:30p,Dallas Mavericks,,Philadelphia 76ers,,,,,
Sat Jan 5 2019,10:00p,Houston Rockets,,Portland Trail Blazers,,,,,
Sat Jan 5 2019,10:00p,Golden State Warriors,,Sacramento Kings,,,,,
Sat Jan 5 2019,8:30p,Memphis Grizzlies,,San Antonio Spurs,,,,,
Sun Jan 6 2019,6:00p,Miami Heat,,Atlanta Hawks,,,,,
Sun Jan 6 2019,3:30p,Brooklyn Nets,,Chicago Bulls,,,,,
Sun Jan 6 2019,3:30p,Orlando Magic,,Los Angeles Clippers,,,,,
Sun Jan 6 2019,3:30p,Los Angeles Lakers,,Minnesota Timberwolves,,,,,
Sun Jan 6 2019,7:00p,Washington Wizards,,Oklahoma City Thunder,,,,,
Sun Jan 6 2019,8:00p,Charlotte Hornets,,Phoenix Suns,,,,,
Sun Jan 6 2019,7:30p,Indiana Pacers,,Toronto Raptors,,,,,
Mon Jan 7 2019,7:30p,Brooklyn Nets,,Boston Celtics,,,,,
Mon Jan 7 2019,8:30p,Los Angeles Lakers,,Dallas Mavericks,,,,,
Mon Jan 7 2019,7:00p,San Antonio Spurs,,Detroit Pistons,,,,,
Mon Jan 7 2019,8:00p,Denver Nuggets,,Houston Rockets,,,,,
Mon Jan 7 2019,8:00p,Utah Jazz,,Milwaukee Bucks,,,,,
Mon Jan 7 2019,8:00p,Memphis Grizzlies,,New Orleans Pelicans,,,,,
Mon Jan 7 2019,10:00p,New York Knicks,,Portland Trail Blazers,,,,,
Mon Jan 7 2019,10:00p,Orlando Magic,,Sacramento Kings,,,,,
Tue Jan 8 2019,7:00p,Indiana Pacers,,Cleveland Cavaliers,,,,,
Tue Jan 8 2019,10:30p,New York Knicks,,Golden State Warriors,,,,,
Tue Jan 8 2019,10:30p,Charlotte Hornets,,Los Angeles Clippers,,,,,
Tue Jan 8 2019,7:30p,Denver Nuggets,,Miami Heat,,,,,
Tue Jan 8 2019,8:00p,Minnesota Timberwolves,,Oklahoma City Thunder,,,,,
Tue Jan 8 2019,7:00p,Washington Wizards,,Philadelphia 76ers,,,,,
Tue Jan 8 2019,9:00p,Sacramento Kings,,Phoenix Suns,,,,,
Tue Jan 8 2019,7:30p,Atlanta Hawks,,Toronto Raptors,,,,,
Wed Jan 9 2019,7:00p,Indiana Pacers,,Boston Celtics,,,,,
Wed Jan 9 2019,7:30p,Atlanta Hawks,,Brooklyn Nets,,,,,
Wed Jan 9 2019,8:30p,Phoenix Suns,,Dallas Mavericks,,,,,
Wed Jan 9 2019,8:00p,Milwaukee Bucks,,Houston Rockets,,,,,
Wed Jan 9 2019,10:30p,Detroit Pistons,,Los Angeles Lakers,,,,,
Wed Jan 9 2019,8:00p,San Antonio Spurs,,Memphis Grizzlies,,,,,
Wed Jan 9 2019,8:00p,Cleveland Cavaliers,,New Orleans Pelicans,,,,,
Wed Jan 9 2019,10:00p,Chicago Bulls,,Portland Trail Blazers,,,,,
Wed Jan 9 2019,9:00p,Orlando Magic,,Utah Jazz,,,,,
Wed Jan 9 2019,7:00p,Philadelphia 76ers,,Washington Wizards,,,,,
Thu Jan 10 2019,9:00p,Los Angeles Clippers,,Denver Nuggets,,,,,
Thu Jan 10 2019,7:00p,Boston Celtics,,Miami Heat,,,,,
Thu Jan 10 2019,10:00p,Detroit Pistons,,Sacramento Kings,,,,,
Thu Jan 10 2019,9:30p,Oklahoma City Thunder,,San Antonio Spurs,,,,,
Fri Jan 11 2019,10:30p,Chicago Bulls,,Golden State Warriors,,,,,
Fri Jan 11 2019,8:00p,Cleveland Cavaliers,,Houston Rockets,,,,,
Fri Jan 11 2019,8:00p,Dallas Mavericks,,Minnesota Timberwolves,,,,,
Fri Jan 11 2019,7:30p,Indiana Pacers,,New York Knicks,,,,,
Fri Jan 11 2019,7:00p,Atlanta Hawks,,Philadelphia 76ers,,,,,
Fri Jan 11 2019,10:00p,Charlotte Hornets,,Portland Trail Blazers,,,,,
Fri Jan 11 2019,7:30p,Brooklyn Nets,,Toronto Raptors,,,,,
Fri Jan 11 2019,10:00p,Los Angeles Lakers,,Utah Jazz,,,,,
Fri Jan 11 2019,7:00p,Milwaukee Bucks,,Washington Wizards,,,,,
Sat Jan 12 2019,3:30p,Detroit Pistons,,Los Angeles Clippers,,,,,
Sat Jan 12 2019,5:00p,Memphis Grizzlies,,Miami Heat,,,,,
Sat Jan 12 2019,8:00p,New Orleans Pelicans,,Minnesota Timberwolves,,,,,
Sat Jan 12 2019,8:00p,San Antonio Spurs,,Oklahoma City Thunder,,,,,
Sat Jan 12 2019,7:00p,Boston Celtics,,Orlando Magic,,,,,
Sat Jan 12 2019,9:00p,Denver Nuggets,,Phoenix Suns,,,,,
Sat Jan 12 2019,10:00p,Charlotte Hornets,,Sacramento Kings,,,,,
Sat Jan 12 2019,10:00p,Chicago Bulls,,Utah Jazz,,,,,
Sun Jan 13 2019,3:30p,Milwaukee Bucks,,Atlanta Hawks,,,,,
Sun Jan 13 2019,7:00p,Golden State Warriors,,Dallas Mavericks,,,,,
Sun Jan 13 2019,8:00p,Portland Trail Blazers,,Denver Nuggets,,,,,
Sun Jan 13 2019,9:30p,Cleveland Cavaliers,,Los Angeles Lakers,,,,,
Sun Jan 13 2019,1:00p,Philadelphia 76ers,,New York Knicks,,,,,
Sun Jan 13 2019,6:00p,Houston Rockets,,Orlando Magic,,,,,
Sun Jan 13 2019,1:00p,Toronto Raptors,,Washington Wizards,,,,,
Mon Jan 14 2019,7:30p,Boston Celtics,,Brooklyn Nets,,,,,
Mon Jan 14 2019,8:00p,Memphis Grizzlies,,Houston Rockets,,,,,
Mon Jan 14 2019,10:30p,New Orleans Pelicans,,Los Angeles Clippers,,,,,
Mon Jan 14 2019,10:00p,Portland Trail Blazers,,Sacramento Kings,,,,,
Mon Jan 14 2019,8:30p,Charlotte Hornets,,San Antonio Spurs,,,,,
Mon Jan 14 2019,9:00p,Detroit Pistons,,Utah Jazz,,,,,
Tue Jan 15 2019,7:30p,Oklahoma City Thunder,,Atlanta Hawks,,,,,
Tue Jan 15 2019,9:00p,Golden State Warriors,,Denver Nuggets,,,,,
Tue Jan 15 2019,7:00p,Phoenix Suns,,Indiana Pacers,,,,,
Tue Jan 15 2019,10:30p,Chicago Bulls,,Los Angeles Lakers,,,,,
Tue Jan 15 2019,8:00p,Miami Heat,,Milwaukee Bucks,,,,,
Tue Jan 15 2019,7:00p,Minnesota Timberwolves,,Philadelphia 76ers,,,,,
Wed Jan 16 2019,8:00p,Toronto Raptors,,Boston Celtics,,,,,
Wed Jan 16 2019,8:30p,San Antonio Spurs,,Dallas Mavericks,,,,,
Wed Jan 16 2019,7:00p,Orlando Magic,,Detroit Pistons,,,,,
Wed Jan 16 2019,10:30p,New Orleans Pelicans,,Golden State Warriors,,,,,
Wed Jan 16 2019,8:00p,Brooklyn Nets,,Houston Rockets,,,,,
Wed Jan 16 2019,10:30p,Utah Jazz,,Los Angeles Clippers,,,,,
Wed Jan 16 2019,8:00p,Milwaukee Bucks,,Memphis Grizzlies,,,,,
Wed Jan 16 2019,10:00p,Cleveland Cavaliers,,Portland Trail Blazers,,,,,
Thu Jan 17 2019,7:00p,Sacramento Kings,,Charlotte Hornets,,,,,
Thu Jan 17 2019,9:00p,Chicago Bulls,,Denver Nuggets,,,,,
Thu Jan 17 2019,7:00p,Philadelphia 76ers,,Indiana Pacers,,,,,
Thu Jan 17 2019,9:30p,Los Angeles Lakers,,Oklahoma City Thunder,,,,,
Thu Jan 17 2019,7:30p,Phoenix Suns,,Toronto Raptors,,,,,
Thu Jan 17 2019,3:00p,New York Knicks,,Washington Wizards,,,,,
Fri Jan 18 2019,7:00p,Memphis Grizzlies,,Boston Celtics,,,,,
Fri Jan 18 2019,7:00p,Miami Heat,,Detroit Pistons,,,,,
Fri Jan 18 2019,10:30p,Golden State Warriors,,Los Angeles Clippers,,,,,
Fri Jan 18 2019,8:00p,San Antonio Spurs,,Minnesota Timberwolves,,,,,
Fri Jan 18 2019,7:00p,Brooklyn Nets,,Orlando Magic,,,,,
Fri Jan 18 2019,10:30p,New Orleans Pelicans,,Portland Trail Blazers,,,,,
Fri Jan 18 2019,9:00p,Cleveland Cavaliers,,Utah Jazz,,,,,
Sat Jan 19 2019,7:30p,Boston Celtics,,Atlanta Hawks,,,,,
Sat Jan 19 2019,8:00p,Miami Heat,,Chicago Bulls,,,,,
Sat Jan 19 2019,5:00p,Phoenix Suns,,Charlotte Hornets,,,,,
Sat Jan 19 2019,10:00p,Cleveland Cavaliers,,Denver Nuggets,,,,,
Sat Jan 19 2019,7:00p,Sacramento Kings,,Detroit Pistons,,,,,
Sat Jan 19 2019,8:30p,Los Angeles Lakers,,Houston Rockets,,,,,
Sat Jan 19 2019,7:00p,Dallas Mavericks,,Indiana Pacers,,,,,
Sat Jan 19 2019,7:00p,Milwaukee Bucks,,Orlando Magic,,,,,
Sat Jan 19 2019,3:30p,Oklahoma City Thunder,,Philadelphia 76ers,,,,,
Sat Jan 19 2019,7:30p,Memphis Grizzlies,,Toronto Raptors,,,,,
Sun Jan 20 2019,6:00p,Charlotte Hornets,,Indiana Pacers,,,,,
Sun Jan 20 2019,7:00p,Phoenix Suns,,Minnesota Timberwolves,,,,,
Sun Jan 20 2019,7:00p,Los Angeles Clippers,,San Antonio Spurs,,,,,
Mon Jan 21 2019,3:00p,Orlando Magic,,Atlanta Hawks,,,,,
Mon Jan 21 2019,6:00p,Miami Heat,,Boston Celtics,,,,,
Mon Jan 21 2019,3:30p,Sacramento Kings,,Brooklyn Nets,,,,,
Mon Jan 21 2019,1:00p,Chicago Bulls,,Cleveland Cavaliers,,,,,
Mon Jan 21 2019,10:30p,Golden State Warriors,,Los Angeles Lakers,,,,,
Mon Jan 21 2019,5:30p,New Orleans Pelicans,,Memphis Grizzlies,,,,,
Mon Jan 21 2019,2:00p,Dallas Mavericks,,Milwaukee Bucks,,,,,
Mon Jan 21 2019,12:30p,Oklahoma City Thunder,,New York Knicks,,,,,
Mon Jan 21 2019,8:00p,Houston Rockets,,Philadelphia 76ers,,,,,
Mon Jan 21 2019,9:00p,Portland Trail Blazers,,Utah Jazz,,,,,
Mon Jan 21 2019,2:00p,Detroit Pistons,,Washington Wizards,,,,,
Tue Jan 22 2019,8:30p,Los Angeles Clippers,,Dallas Mavericks,,,,,
Tue Jan 22 2019,8:00p,Portland Trail Blazers,,Oklahoma City Thunder,,,,,
Tue Jan 22 2019,9:00p,Minnesota Timberwolves,,Phoenix Suns,,,,,
Tue Jan 22 2019,7:00p,Sacramento Kings,,Toronto Raptors,,,,,
Wed Jan 23 2019,7:30p,Cleveland Cavaliers,,Boston Celtics,,,,,
Wed Jan 23 2019,7:30p,Orlando Magic,,Brooklyn Nets,,,,,
Wed Jan 23 2019,8:00p,Atlanta Hawks,,Chicago Bulls,,,,,
Wed Jan 23 2019,7:00p,Toronto Raptors,,Indiana Pacers,,,,,
Wed Jan 23 2019,8:00p,Charlotte Hornets,,Memphis Grizzlies,,,,,
Wed Jan 23 2019,7:30p,Los Angeles Clippers,,Miami Heat,,,,,
Wed Jan 23 2019,8:00p,Detroit Pistons,,New Orleans Pelicans,,,,,
Wed Jan 23 2019,7:30p,Houston Rockets,,New York Knicks,,,,,
Wed Jan 23 2019,8:00p,San Antonio Spurs,,Philadelphia 76ers,,,,,
Wed Jan 23 2019,10:30p,Denver Nuggets,,Utah Jazz,,,,,
Thu Jan 24 2019,10:30p,Minnesota Timberwolves,,Los Angeles Lakers,,,,,
Thu Jan 24 2019,8:00p,New Orleans Pelicans,,Oklahoma City Thunder,,,,,
Thu Jan 24 2019,9:00p,Portland Trail Blazers,,Phoenix Suns,,,,,
Thu Jan 24 2019,8:00p,Golden State Warriors,,Washington Wizards,,,,,
Fri Jan 25 2019,7:30p,New York Knicks,,Brooklyn Nets,,,,,
Fri Jan 25 2019,8:00p,Los Angeles Clippers,,Chicago Bulls,,,,,
Fri Jan 25 2019,7:30p,Miami Heat,,Cleveland Cavaliers,,,,,
Fri Jan 25 2019,8:30p,Detroit Pistons,,Dallas Mavericks,,,,,
Fri Jan 25 2019,9:00p,Phoenix Suns,,Denver Nuggets,,,,,
Fri Jan 25 2019,8:00p,Toronto Raptors,,Houston Rockets,,,,,
Fri Jan 25 2019,8:00p,Sacramento Kings,,Memphis Grizzlies,,,,,
Fri Jan 25 2019,8:30p,Charlotte Hornets,,Milwaukee Bucks,,,,,
Fri Jan 25 2019,7:00p,Washington Wizards,,Orlando Magic,,,,,
Fri Jan 25 2019,9:00p,Minnesota Timberwolves,,Utah Jazz,,,,,
Sat Jan 26 2019,8:30p,Golden State Warriors,,Boston Celtics,,,,,
Sat Jan 26 2019,9:00p,Philadelphia 76ers,,Denver Nuggets,,,,,
Sat Jan 26 2019,8:00p,Indiana Pacers,,Memphis Grizzlies,,,,,
Sat Jan 26 2019,6:00p,San Antonio Spurs,,New Orleans Pelicans,,,,,
Sat Jan 26 2019,10:00p,Atlanta Hawks,,Portland Trail Blazers,,,,,
Sun Jan 27 2019,3:30p,Cleveland Cavaliers,,Chicago Bulls,,,,,
Sun Jan 27 2019,7:00p,Toronto Raptors,,Dallas Mavericks,,,,,
Sun Jan 27 2019,7:00p,Orlando Magic,,Houston Rockets,,,,,
Sun Jan 27 2019,3:30p,Sacramento Kings,,Los Angeles Clippers,,,,,
Sun Jan 27 2019,9:30p,Phoenix Suns,,Los Angeles Lakers,,,,,
Sun Jan 27 2019,7:00p,Utah Jazz,,Minnesota Timberwolves,,,,,
Sun Jan 27 2019,7:30p,Miami Heat,,New York Knicks,,,,,
Sun Jan 27 2019,6:00p,Milwaukee Bucks,,Oklahoma City Thunder,,,,,
Sun Jan 27 2019,7:00p,Washington Wizards,,San Antonio Spurs,,,,,
Mon Jan 28 2019,7:30p,Brooklyn Nets,,Boston Celtics,,,,,
Mon Jan 28 2019,7:00p,New York Knicks,,Charlotte Hornets,,,,,
Mon Jan 28 2019,7:00p,Golden State Warriors,,Indiana Pacers,,,,,
Mon Jan 28 2019,10:30p,Atlanta Hawks,,Los Angeles Clippers,,,,,
Mon Jan 28 2019,8:00p,Denver Nuggets,,Memphis Grizzlies,,,,,
Tue Jan 29 2019,7:30p,Chicago Bulls,,Brooklyn Nets,,,,,
Tue Jan 29 2019,7:00p,Washington Wizards,,Cleveland Cavaliers,,,,,
Tue Jan 29 2019,7:00p,Milwaukee Bucks,,Detroit Pistons,,,,,
Tue Jan 29 2019,8:00p,New Orleans Pelicans,,Houston Rockets,,,,,
Tue Jan 29 2019,10:30p,Philadelphia 76ers,,Los Angeles Lakers,,,,,
Tue Jan 29 2019,7:00p,Oklahoma City Thunder,,Orlando Magic,,,,,
Tue Jan 29 2019,8:30p,Phoenix Suns,,San Antonio Spurs,,,,,
Wed Jan 30 2019,7:30p,Charlotte Hornets,,Boston Celtics,,,,,
Wed Jan 30 2019,7:30p,Chicago Bulls,,Miami Heat,,,,,
Wed Jan 30 2019,8:00p,Memphis Grizzlies,,Minnesota Timberwolves,,,,,
Wed Jan 30 2019,8:00p,Denver Nuggets,,New Orleans Pelicans,,,,,
Wed Jan 30 2019,7:30p,Dallas Mavericks,,New York Knicks,,,,,
Wed Jan 30 2019,10:30p,Utah Jazz,,Portland Trail Blazers,,,,,
Wed Jan 30 2019,10:00p,Atlanta Hawks,,Sacramento Kings,,,,,
Wed Jan 30 2019,8:00p,Indiana Pacers,,Washington Wizards,,,,,
Thu Jan 31 2019,7:00p,Dallas Mavericks,,Detroit Pistons,,,,,
Thu Jan 31 2019,10:30p,Philadelphia 76ers,,Golden State Warriors,,,,,
Thu Jan 31 2019,10:30p,Los Angeles Lakers,,Los Angeles Clippers,,,,,
Thu Jan 31 2019,7:00p,Indiana Pacers,,Orlando Magic,,,,,
Thu Jan 31 2019,8:30p,Brooklyn Nets,,San Antonio Spurs,,,,,
Thu Jan 31 2019,8:00p,Milwaukee Bucks,,Toronto Raptors,,,,,
Date,Start (ET),Visitor/Neutral,PTS,Home/Neutral,PTS,,,Attend.,Notes
Fri Feb 1 2019,7:00p,Memphis Grizzlies,,Charlotte Hornets,,,,,
Fri Feb 1 2019,10:00p,Houston Rockets,,Denver Nuggets,,,,,
Fri Feb 1 2019,8:00p,Oklahoma City Thunder,,Miami Heat,,,,,
Fri Feb 1 2019,7:30p,Boston Celtics,,New York Knicks,,,,,
Fri Feb 1 2019,9:00p,Atlanta Hawks,,Utah Jazz,,,,,
Sat Feb 2 2019,7:00p,Chicago Bulls,,Charlotte Hornets,,,,,
Sat Feb 2 2019,7:30p,Dallas Mavericks,,Cleveland Cavaliers,,,,,
Sat Feb 2 2019,5:00p,Los Angeles Clippers,,Detroit Pistons,,,,,
Sat Feb 2 2019,8:30p,Los Angeles Lakers,,Golden State Warriors,,,,,
Sat Feb 2 2019,7:30p,Indiana Pacers,,Miami Heat,,,,,
Sat Feb 2 2019,9:00p,Denver Nuggets,,Minnesota Timberwolves,,,,,
Sat Feb 2 2019,7:00p,Brooklyn Nets,,Orlando Magic,,,,,
Sat Feb 2 2019,9:00p,Atlanta Hawks,,Phoenix Suns,,,,,
Sat Feb 2 2019,10:00p,Philadelphia 76ers,,Sacramento Kings,,,,,
Sat Feb 2 2019,8:30p,New Orleans Pelicans,,San Antonio Spurs,,,,,
Sat Feb 2 2019,9:00p,Houston Rockets,,Utah Jazz,,,,,
Sat Feb 2 2019,7:00p,Milwaukee Bucks,,Washington Wizards,,,,,
Sun Feb 3 2019,2:00p,Oklahoma City Thunder,,Boston Celtics,,,,,
Sun Feb 3 2019,1:00p,Memphis Grizzlies,,New York Knicks,,,,,
Sun Feb 3 2019,3:00p,Los Angeles Clippers,,Toronto Raptors,,,,,
Mon Feb 4 2019,7:30p,Milwaukee Bucks,,Brooklyn Nets,,,,,
Mon Feb 4 2019,7:00p,Denver Nuggets,,Detroit Pistons,,,,,
Mon Feb 4 2019,8:00p,Indiana Pacers,,New Orleans Pelicans,,,,,
Mon Feb 4 2019,9:00p,Houston Rockets,,Phoenix Suns,,,,,
Mon Feb 4 2019,10:00p,San Antonio Spurs,,Sacramento Kings,,,,,
Mon Feb 4 2019,7:00p,Atlanta Hawks,,Washington Wizards,,,,,
Tue Feb 5 2019,7:00p,Los Angeles Clippers,,Charlotte Hornets,,,,,
Tue Feb 5 2019,7:00p,Boston Celtics,,Cleveland Cavaliers,,,,,
Tue Feb 5 2019,7:00p,Los Angeles Lakers,,Indiana Pacers,,,,,
Tue Feb 5 2019,8:00p,Minnesota Timberwolves,,Memphis Grizzlies,,,,,
Tue Feb 5 2019,7:30p,Detroit Pistons,,New York Knicks,,,,,
Tue Feb 5 2019,8:00p,Orlando Magic,,Oklahoma City Thunder,,,,,
Tue Feb 5 2019,8:00p,Toronto Raptors,,Philadelphia 76ers,,,,,
Tue Feb 5 2019,10:30p,Miami Heat,,Portland Trail Blazers,,,,,
Wed Feb 6 2019,7:30p,Denver Nuggets,,Brooklyn Nets,,,,,
Wed Feb 6 2019,8:00p,New Orleans Pelicans,,Chicago Bulls,,,,,
Wed Feb 6 2019,8:30p,Charlotte Hornets,,Dallas Mavericks,,,,,
Wed Feb 6 2019,10:30p,San Antonio Spurs,,Golden State Warriors,,,,,
Wed Feb 6 2019,8:00p,Washington Wizards,,Milwaukee Bucks,,,,,
Wed Feb 6 2019,10:00p,Houston Rockets,,Sacramento Kings,,,,,
Wed Feb 6 2019,9:00p,Phoenix Suns,,Utah Jazz,,,,,
Thu Feb 7 2019,7:30p,Toronto Raptors,,Atlanta Hawks,,,,,
Thu Feb 7 2019,8:00p,Los Angeles Lakers,,Boston Celtics,,,,,
Thu Feb 7 2019,7:00p,Los Angeles Clippers,,Indiana Pacers,,,,,
Thu Feb 7 2019,8:00p,Memphis Grizzlies,,Oklahoma City Thunder,,,,,
Thu Feb 7 2019,7:00p,Minnesota Timberwolves,,Orlando Magic,,,,,
Thu Feb 7 2019,10:30p,San Antonio Spurs,,Portland Trail Blazers,,,,,
Fri Feb 8 2019,7:30p,Chicago Bulls,,Brooklyn Nets,,,,,
Fri Feb 8 2019,8:30p,Milwaukee Bucks,,Dallas Mavericks,,,,,
Fri Feb 8 2019,7:00p,New York Knicks,,Detroit Pistons,,,,,
Fri Feb 8 2019,9:30p,Minnesota Timberwolves,,New Orleans Pelicans,,,,,
Fri Feb 8 2019,7:00p,Denver Nuggets,,Philadelphia 76ers,,,,,
Fri Feb 8 2019,9:00p,Golden State Warriors,,Phoenix Suns,,,,,
Fri Feb 8 2019,10:00p,Miami Heat,,Sacramento Kings,,,,,
Fri Feb 8 2019,7:00p,Cleveland Cavaliers,,Washington Wizards,,,,,
Sat Feb 9 2019,7:30p,Charlotte Hornets,,Atlanta Hawks,,,,,
Sat Feb 9 2019,8:00p,Los Angeles Clippers,,Boston Celtics,,,,,
Sat Feb 9 2019,8:00p,Washington Wizards,,Chicago Bulls,,,,,
Sat Feb 9 2019,8:30p,Oklahoma City Thunder,,Houston Rockets,,,,,
Sat Feb 9 2019,7:00p,Cleveland Cavaliers,,Indiana Pacers,,,,,
Sat Feb 9 2019,8:00p,New Orleans Pelicans,,Memphis Grizzlies,,,,,
Sat Feb 9 2019,9:00p,Orlando Magic,,Milwaukee Bucks,,,,,
Sat Feb 9 2019,7:30p,Toronto Raptors,,New York Knicks,,,,,
Sat Feb 9 2019,5:00p,San Antonio Spurs,,Utah Jazz,,,,,
Sun Feb 10 2019,7:30p,Orlando Magic,,Atlanta Hawks,,,,,
Sun Feb 10 2019,3:00p,Portland Trail Blazers,,Dallas Mavericks,,,,,
Sun Feb 10 2019,8:30p,Miami Heat,,Golden State Warriors,,,,,
Sun Feb 10 2019,3:30p,Los Angeles Lakers,,Philadelphia 76ers,,,,,
Sun Feb 10 2019,6:00p,Phoenix Suns,,Sacramento Kings,,,,,
Mon Feb 11 2019,8:00p,Milwaukee Bucks,,Chicago Bulls,,,,,
Mon Feb 11 2019,7:00p,New York Knicks,,Cleveland Cavaliers,,,,,
Mon Feb 11 2019,9:00p,Miami Heat,,Denver Nuggets,,,,,
Mon Feb 11 2019,7:00p,Washington Wizards,,Detroit Pistons,,,,,
Mon Feb 11 2019,8:00p,Dallas Mavericks,,Houston Rockets,,,,,
Mon Feb 11 2019,7:00p,Charlotte Hornets,,Indiana Pacers,,,,,
Mon Feb 11 2019,8:00p,Los Angeles Clippers,,Minnesota Timberwolves,,,,,
Mon Feb 11 2019,8:00p,Portland Trail Blazers,,Oklahoma City Thunder,,,,,
Mon Feb 11 2019,7:30p,Brooklyn Nets,,Toronto Raptors,,,,,
Tue Feb 12 2019,7:30p,Los Angeles Lakers,,Atlanta Hawks,,,,,
Tue Feb 12 2019,10:30p,Utah Jazz,,Golden State Warriors,,,,,
Tue Feb 12 2019,8:00p,San Antonio Spurs,,Memphis Grizzlies,,,,,
Tue Feb 12 2019,8:00p,Orlando Magic,,New Orleans Pelicans,,,,,
Tue Feb 12 2019,8:00p,Boston Celtics,,Philadelphia 76ers,,,,,
Wed Feb 13 2019,7:30p,Detroit Pistons,,Boston Celtics,,,,,
Wed Feb 13 2019,8:00p,Memphis Grizzlies,,Chicago Bulls,,,,,
Wed Feb 13 2019,7:00p,Brooklyn Nets,,Cleveland Cavaliers,,,,,
Wed Feb 13 2019,8:30p,Miami Heat,,Dallas Mavericks,,,,,
Wed Feb 13 2019,9:00p,Sacramento Kings,,Denver Nuggets,,,,,
Wed Feb 13 2019,7:00p,Milwaukee Bucks,,Indiana Pacers,,,,,
Wed Feb 13 2019,10:30p,Phoenix Suns,,Los Angeles Clippers,,,,,
Wed Feb 13 2019,9:30p,Houston Rockets,,Minnesota Timberwolves,,,,,
Wed Feb 13 2019,7:30p,Philadelphia 76ers,,New York Knicks,,,,,
Wed Feb 13 2019,10:00p,Golden State Warriors,,Portland Trail Blazers,,,,,
Wed Feb 13 2019,7:30p,Washington Wizards,,Toronto Raptors,,,,,
Thu Feb 14 2019,7:30p,New York Knicks,,Atlanta Hawks,,,,,
Thu Feb 14 2019,8:00p,Oklahoma City Thunder,,New Orleans Pelicans,,,,,
Thu Feb 14 2019,7:00p,Charlotte Hornets,,Orlando Magic,,,,,
Thu Feb 21 2019,7:30p,Portland Trail Blazers,,Brooklyn Nets,,,,,
Thu Feb 21 2019,7:00p,Phoenix Suns,,Cleveland Cavaliers,,,,,
Thu Feb 21 2019,10:30p,Sacramento Kings,,Golden State Warriors,,,,,
Thu Feb 21 2019,10:30p,Houston Rockets,,Los Angeles Lakers,,,,,
Thu Feb 21 2019,8:00p,Boston Celtics,,Milwaukee Bucks,,,,,
Thu Feb 21 2019,7:00p,Miami Heat,,Philadelphia 76ers,,,,,
Fri Feb 22 2019,7:30p,Detroit Pistons,,Atlanta Hawks,,,,,
Fri Feb 22 2019,7:00p,Washington Wizards,,Charlotte Hornets,,,,,
Fri Feb 22 2019,8:30p,Denver Nuggets,,Dallas Mavericks,,,,,
Fri Feb 22 2019,7:00p,New Orleans Pelicans,,Indiana Pacers,,,,,
Fri Feb 22 2019,8:00p,Los Angeles Clippers,,Memphis Grizzlies,,,,,
Fri Feb 22 2019,7:30p,Minnesota Timberwolves,,New York Knicks,,,,,
Fri Feb 22 2019,9:30p,Utah Jazz,,Oklahoma City Thunder,,,,,
Fri Feb 22 2019,7:00p,Chicago Bulls,,Orlando Magic,,,,,
Fri Feb 22 2019,7:00p,San Antonio Spurs,,Toronto Raptors,,,,,
Sat Feb 23 2019,7:00p,Phoenix Suns,,Atlanta Hawks,,,,,
Sat Feb 23 2019,8:00p,Boston Celtics,,Chicago Bulls,,,,,
Sat Feb 23 2019,7:00p,Brooklyn Nets,,Charlotte Hornets,,,,,
Sat Feb 23 2019,7:00p,Memphis Grizzlies,,Cleveland Cavaliers,,,,,
Sat Feb 23 2019,8:30p,Houston Rockets,,Golden State Warriors,,,,,
Sat Feb 23 2019,7:30p,Detroit Pistons,,Miami Heat,,,,,
Sat Feb 23 2019,8:30p,Minnesota Timberwolves,,Milwaukee Bucks,,,,,
Sat Feb 23 2019,7:00p,Los Angeles Lakers,,New Orleans Pelicans,,,,,
Sat Feb 23 2019,8:00p,Sacramento Kings,,Oklahoma City Thunder,,,,,
Sat Feb 23 2019,1:00p,Portland Trail Blazers,,Philadelphia 76ers,,,,,
Sat Feb 23 2019,10:00p,Dallas Mavericks,,Utah Jazz,,,,,
Sat Feb 23 2019,7:00p,Indiana Pacers,,Washington Wizards,,,,,
Sun Feb 24 2019,5:00p,Los Angeles Clippers,,Denver Nuggets,,,,,
Sun Feb 24 2019,7:30p,San Antonio Spurs,,New York Knicks,,,,,
Sun Feb 24 2019,3:30p,Orlando Magic,,Toronto Raptors,,,,,
Mon Feb 25 2019,7:30p,San Antonio Spurs,,Brooklyn Nets,,,,,
Mon Feb 25 2019,8:00p,Milwaukee Bucks,,Chicago Bulls,,,,,
Mon Feb 25 2019,7:00p,Golden State Warriors,,Charlotte Hornets,,,,,
Mon Feb 25 2019,7:00p,Portland Trail Blazers,,Cleveland Cavaliers,,,,,
Mon Feb 25 2019,7:00p,Indiana Pacers,,Detroit Pistons,,,,,
Mon Feb 25 2019,8:00p,Atlanta Hawks,,Houston Rockets,,,,,
Mon Feb 25 2019,10:30p,Dallas Mavericks,,Los Angeles Clippers,,,,,
Mon Feb 25 2019,8:00p,Los Angeles Lakers,,Memphis Grizzlies,,,,,
Mon Feb 25 2019,7:30p,Phoenix Suns,,Miami Heat,,,,,
Mon Feb 25 2019,8:00p,Sacramento Kings,,Minnesota Timberwolves,,,,,
Mon Feb 25 2019,8:00p,Philadelphia 76ers,,New Orleans Pelicans,,,,,
Tue Feb 26 2019,10:30p,Oklahoma City Thunder,,Denver Nuggets,,,,,
Tue Feb 26 2019,7:30p,Orlando Magic,,New York Knicks,,,,,
Tue Feb 26 2019,8:00p,Boston Celtics,,Toronto Raptors,,,,,
Wed Feb 27 2019,7:30p,Minnesota Timberwolves,,Atlanta Hawks,,,,,
Wed Feb 27 2019,7:30p,Portland Trail Blazers,,Boston Celtics,,,,,
Wed Feb 27 2019,7:30p,Washington Wizards,,Brooklyn Nets,,,,,
Wed Feb 27 2019,7:00p,Houston Rockets,,Charlotte Hornets,,,,,
Wed Feb 27 2019,8:30p,Indiana Pacers,,Dallas Mavericks,,,,,
Wed Feb 27 2019,10:30p,New Orleans Pelicans,,Los Angeles Lakers,,,,,
Wed Feb 27 2019,8:00p,Chicago Bulls,,Memphis Grizzlies,,,,,
Wed Feb 27 2019,7:30p,Golden State Warriors,,Miami Heat,,,,,
Wed Feb 27 2019,10:00p,Milwaukee Bucks,,Sacramento Kings,,,,,
Wed Feb 27 2019,8:00p,Detroit Pistons,,San Antonio Spurs,,,,,
Wed Feb 27 2019,9:00p,Los Angeles Clippers,,Utah Jazz,,,,,
Thu Feb 28 2019,9:00p,Utah Jazz,,Denver Nuggets,,,,,
Thu Feb 28 2019,8:00p,Miami Heat,,Houston Rockets,,,,,
Thu Feb 28 2019,7:00p,Minnesota Timberwolves,,Indiana Pacers,,,,,
Thu Feb 28 2019,7:30p,Cleveland Cavaliers,,New York Knicks,,,,,
Thu Feb 28 2019,9:30p,Philadelphia 76ers,,Oklahoma City Thunder,,,,,
Thu Feb 28 2019,7:00p,Golden State Warriors,,Orlando Magic,,,,,
Date,Start (ET),Visitor/Neutral,PTS,Home/Neutral,PTS,,,Attend.,Notes
Fri Mar 1 2019,7:30p,Chicago Bulls,,Atlanta Hawks,,,,,
Fri Mar 1 2019,8:00p,Washington Wizards,,Boston Celtics,,,,,
Fri Mar 1 2019,7:30p,Charlotte Hornets,,Brooklyn Nets,,,,,
Fri Mar 1 2019,10:30p,Milwaukee Bucks,,Los Angeles Lakers,,,,,
Fri Mar 1 2019,9:00p,New Orleans Pelicans,,Phoenix Suns,,,,,
Fri Mar 1 2019,10:00p,Los Angeles Clippers,,Sacramento Kings,,,,,
Fri Mar 1 2019,7:30p,Portland Trail Blazers,,Toronto Raptors,,,,,
Sat Mar 2 2019,5:00p,Detroit Pistons,,Cleveland Cavaliers,,,,,
Sat Mar 2 2019,8:30p,Memphis Grizzlies,,Dallas Mavericks,,,,,
Sat Mar 2 2019,9:00p,New Orleans Pelicans,,Denver Nuggets,,,,,
Sat Mar 2 2019,7:00p,Orlando Magic,,Indiana Pacers,,,,,
Sat Mar 2 2019,7:30p,Brooklyn Nets,,Miami Heat,,,,,
Sat Mar 2 2019,8:30p,Golden State Warriors,,Philadelphia 76ers,,,,,
Sat Mar 2 2019,9:00p,Los Angeles Lakers,,Phoenix Suns,,,,,
Sat Mar 2 2019,8:30p,Oklahoma City Thunder,,San Antonio Spurs,,,,,
Sat Mar 2 2019,9:00p,Milwaukee Bucks,,Utah Jazz,,,,,
Sun Mar 3 2019,3:30p,Houston Rockets,,Boston Celtics,,,,,
Sun Mar 3 2019,3:30p,Atlanta Hawks,,Chicago Bulls,,,,,
Sun Mar 3 2019,1:00p,Portland Trail Blazers,,Charlotte Hornets,,,,,
Sun Mar 3 2019,6:00p,Orlando Magic,,Cleveland Cavaliers,,,,,
Sun Mar 3 2019,6:00p,Toronto Raptors,,Detroit Pistons,,,,,
Sun Mar 3 2019,3:30p,New York Knicks,,Los Angeles Clippers,,,,,
Sun Mar 3 2019,7:00p,Memphis Grizzlies,,Oklahoma City Thunder,,,,,
Sun Mar 3 2019,6:00p,Minnesota Timberwolves,,Washington Wizards,,,,,
Mon Mar 4 2019,7:30p,Dallas Mavericks,,Brooklyn Nets,,,,,
Mon Mar 4 2019,10:30p,Los Angeles Clippers,,Los Angeles Lakers,,,,,
Mon Mar 4 2019,7:30p,Atlanta Hawks,,Miami Heat,,,,,
Mon Mar 4 2019,9:00p,Milwaukee Bucks,,Phoenix Suns,,,,,
Mon Mar 4 2019,10:00p,New York Knicks,,Sacramento Kings,,,,,
Mon Mar 4 2019,8:30p,Denver Nuggets,,San Antonio Spurs,,,,,
Mon Mar 4 2019,9:00p,New Orleans Pelicans,,Utah Jazz,,,,,
Tue Mar 5 2019,10:30p,Boston Celtics,,Golden State Warriors,,,,,
Tue Mar 5 2019,7:00p,Chicago Bulls,,Indiana Pacers,,,,,
Tue Mar 5 2019,8:00p,Portland Trail Blazers,,Memphis Grizzlies,,,,,
Tue Mar 5 2019,8:00p,Oklahoma City Thunder,,Minnesota Timberwolves,,,,,
Tue Mar 5 2019,7:00p,Orlando Magic,,Philadelphia 76ers,,,,,
Tue Mar 5 2019,8:00p,Houston Rockets,,Toronto Raptors,,,,,
Wed Mar 6 2019,7:30p,San Antonio Spurs,,Atlanta Hawks,,,,,
Wed Mar 6 2019,7:30p,Cleveland Cavaliers,,Brooklyn Nets,,,,,
Wed Mar 6 2019,8:00p,Philadelphia 76ers,,Chicago Bulls,,,,,
Wed Mar 6 2019,7:00p,Miami Heat,,Charlotte Hornets,,,,,
Wed Mar 6 2019,7:00p,Minnesota Timberwolves,,Detroit Pistons,,,,,
Wed Mar 6 2019,10:30p,Denver Nuggets,,Los Angeles Lakers,,,,,
Wed Mar 6 2019,8:00p,Utah Jazz,,New Orleans Pelicans,,,,,
Wed Mar 6 2019,9:00p,New York Knicks,,Phoenix Suns,,,,,
Wed Mar 6 2019,10:00p,Boston Celtics,,Sacramento Kings,,,,,
Wed Mar 6 2019,7:00p,Dallas Mavericks,,Washington Wizards,,,,,
Thu Mar 7 2019,8:00p,Indiana Pacers,,Milwaukee Bucks,,,,,
Thu Mar 7 2019,10:30p,Oklahoma City Thunder,,Portland Trail Blazers,,,,,
Fri Mar 8 2019,8:00p,Detroit Pistons,,Chicago Bulls,,,,,
Fri Mar 8 2019,7:00p,Washington Wizards,,Charlotte Hornets,,,,,
Fri Mar 8 2019,10:30p,Denver Nuggets,,Golden State Warriors,,,,,
Fri Mar 8 2019,8:00p,Philadelphia 76ers,,Houston Rockets,,,,,
Fri Mar 8 2019,10:30p,Oklahoma City Thunder,,Los Angeles Clippers,,,,,
Fri Mar 8 2019,8:00p,Utah Jazz,,Memphis Grizzlies,,,,,
Fri Mar 8 2019,8:00p,Cleveland Cavaliers,,Miami Heat,,,,,
Fri Mar 8 2019,8:00p,Toronto Raptors,,New Orleans Pelicans,,,,,
Fri Mar 8 2019,7:00p,Dallas Mavericks,,Orlando Magic,,,,,
Sat Mar 9 2019,7:00p,Brooklyn Nets,,Atlanta Hawks,,,,,
Sat Mar 9 2019,8:30p,Boston Celtics,,Los Angeles Lakers,,,,,
Sat Mar 9 2019,9:00p,Charlotte Hornets,,Milwaukee Bucks,,,,,
Sat Mar 9 2019,8:00p,Washington Wizards,,Minnesota Timberwolves,,,,,
Sat Mar 9 2019,12:00p,Sacramento Kings,,New York Knicks,,,,,
Sat Mar 9 2019,10:00p,Phoenix Suns,,Portland Trail Blazers,,,,,
Sun Mar 10 2019,6:00p,New Orleans Pelicans,,Atlanta Hawks,,,,,
Sun Mar 10 2019,7:00p,Houston Rockets,,Dallas Mavericks,,,,,
Sun Mar 10 2019,12:00p,Chicago Bulls,,Detroit Pistons,,,,,
Sun Mar 10 2019,8:30p,Phoenix Suns,,Golden State Warriors,,,,,
Sun Mar 10 2019,6:00p,Orlando Magic,,Memphis Grizzlies,,,,,
Sun Mar 10 2019,3:30p,Toronto Raptors,,Miami Heat,,,,,
Sun Mar 10 2019,8:00p,New York Knicks,,Minnesota Timberwolves,,,,,
Sun Mar 10 2019,3:30p,Indiana Pacers,,Philadelphia 76ers,,,,,
Sun Mar 10 2019,8:00p,Milwaukee Bucks,,San Antonio Spurs,,,,,
Mon Mar 11 2019,7:30p,Detroit Pistons,,Brooklyn Nets,,,,,
Mon Mar 11 2019,7:00p,Toronto Raptors,,Cleveland Cavaliers,,,,,
Mon Mar 11 2019,8:00p,Charlotte Hornets,,Houston Rockets,,,,,
Mon Mar 11 2019,10:30p,Boston Celtics,,Los Angeles Clippers,,,,,
Mon Mar 11 2019,9:00p,Oklahoma City Thunder,,Utah Jazz,,,,,
Mon Mar 11 2019,7:00p,Sacramento Kings,,Washington Wizards,,,,,
Tue Mar 12 2019,8:00p,Los Angeles Lakers,,Chicago Bulls,,,,,
Tue Mar 12 2019,8:30p,San Antonio Spurs,,Dallas Mavericks,,,,,
Tue Mar 12 2019,10:30p,Minnesota Timberwolves,,Denver Nuggets,,,,,
Tue Mar 12 2019,7:00p,New York Knicks,,Indiana Pacers,,,,,
Tue Mar 12 2019,10:30p,Portland Trail Blazers,,Los Angeles Clippers,,,,,
Tue Mar 12 2019,8:00p,Milwaukee Bucks,,New Orleans Pelicans,,,,,
Tue Mar 12 2019,7:00p,Cleveland Cavaliers,,Philadelphia 76ers,,,,,
Wed Mar 13 2019,7:30p,Memphis Grizzlies,,Atlanta Hawks,,,,,
Wed Mar 13 2019,9:30p,Golden State Warriors,,Houston Rockets,,,,,
Wed Mar 13 2019,7:00p,Detroit Pistons,,Miami Heat,,,,,
Wed Mar 13 2019,8:00p,Brooklyn Nets,,Oklahoma City Thunder,,,,,
Wed Mar 13 2019,10:00p,Utah Jazz,,Phoenix Suns,,,,,
Wed Mar 13 2019,7:00p,Orlando Magic,,Washington Wizards,,,,,
Thu Mar 14 2019,7:30p,Sacramento Kings,,Boston Celtics,,,,,
Thu Mar 14 2019,10:30p,Dallas Mavericks,,Denver Nuggets,,,,,
Thu Mar 14 2019,7:00p,Oklahoma City Thunder,,Indiana Pacers,,,,,
Thu Mar 14 2019,7:00p,Cleveland Cavaliers,,Orlando Magic,,,,,
Thu Mar 14 2019,8:00p,Los Angeles Lakers,,Toronto Raptors,,,,,
Thu Mar 14 2019,9:00p,Minnesota Timberwolves,,Utah Jazz,,,,,
Fri Mar 15 2019,7:00p,Los Angeles Lakers,,Detroit Pistons,,,,,
Fri Mar 15 2019,8:00p,Phoenix Suns,,Houston Rockets,,,,,
Fri Mar 15 2019,10:30p,Chicago Bulls,,Los Angeles Clippers,,,,,
Fri Mar 15 2019,8:00p,Milwaukee Bucks,,Miami Heat,,,,,
Fri Mar 15 2019,8:00p,Portland Trail Blazers,,New Orleans Pelicans,,,,,
Fri Mar 15 2019,7:00p,Sacramento Kings,,Philadelphia 76ers,,,,,
Fri Mar 15 2019,8:30p,New York Knicks,,San Antonio Spurs,,,,,
Fri Mar 15 2019,7:00p,Charlotte Hornets,,Washington Wizards,,,,,
Sat Mar 16 2019,12:30p,Atlanta Hawks,,Boston Celtics,,,,,
Sat Mar 16 2019,8:30p,Cleveland Cavaliers,,Dallas Mavericks,,,,,
Sat Mar 16 2019,9:00p,Indiana Pacers,,Denver Nuggets,,,,,
Sat Mar 16 2019,7:00p,Phoenix Suns,,New Orleans Pelicans,,,,,
Sat Mar 16 2019,8:30p,Golden State Warriors,,Oklahoma City Thunder,,,,,
Sat Mar 16 2019,8:30p,Portland Trail Blazers,,San Antonio Spurs,,,,,
Sat Mar 16 2019,9:00p,Brooklyn Nets,,Utah Jazz,,,,,
Sat Mar 16 2019,7:00p,Memphis Grizzlies,,Washington Wizards,,,,,
Sun Mar 17 2019,4:00p,Toronto Raptors,,Detroit Pistons,,,,,
Sun Mar 17 2019,9:00p,Minnesota Timberwolves,,Houston Rockets,,,,,
Sun Mar 17 2019,9:00p,Brooklyn Nets,,Los Angeles Clippers,,,,,
Sun Mar 17 2019,1:00p,Charlotte Hornets,,Miami Heat,,,,,
Sun Mar 17 2019,3:30p,Philadelphia 76ers,,Milwaukee Bucks,,,,,
Sun Mar 17 2019,12:00p,Los Angeles Lakers,,New York Knicks,,,,,
Sun Mar 17 2019,6:00p,Atlanta Hawks,,Orlando Magic,,,,,
Sun Mar 17 2019,6:00p,Chicago Bulls,,Sacramento Kings,,,,,
Mon Mar 18 2019,7:30p,Denver Nuggets,,Boston Celtics,,,,,
Mon Mar 18 2019,7:00p,Detroit Pistons,,Cleveland Cavaliers,,,,,
Mon Mar 18 2019,8:30p,New Orleans Pelicans,,Dallas Mavericks,,,,,
Mon Mar 18 2019,8:00p,Miami Heat,,Oklahoma City Thunder,,,,,
Mon Mar 18 2019,10:00p,Chicago Bulls,,Phoenix Suns,,,,,
Mon Mar 18 2019,10:30p,Indiana Pacers,,Portland Trail Blazers,,,,,
Mon Mar 18 2019,8:00p,Golden State Warriors,,San Antonio Spurs,,,,,
Mon Mar 18 2019,7:30p,New York Knicks,,Toronto Raptors,,,,,
Mon Mar 18 2019,7:00p,Utah Jazz,,Washington Wizards,,,,,
Tue Mar 19 2019,7:30p,Houston Rockets,,Atlanta Hawks,,,,,
Tue Mar 19 2019,7:00p,Philadelphia 76ers,,Charlotte Hornets,,,,,
Tue Mar 19 2019,10:30p,Indiana Pacers,,Los Angeles Clippers,,,,,
Tue Mar 19 2019,8:00p,Los Angeles Lakers,,Milwaukee Bucks,,,,,
Tue Mar 19 2019,8:00p,Golden State Warriors,,Minnesota Timberwolves,,,,,
Tue Mar 19 2019,10:00p,Brooklyn Nets,,Sacramento Kings,,,,,
Wed Mar 20 2019,8:00p,Washington Wizards,,Chicago Bulls,,,,,
Wed Mar 20 2019,7:00p,Milwaukee Bucks,,Cleveland Cavaliers,,,,,
Wed Mar 20 2019,8:00p,Houston Rockets,,Memphis Grizzlies,,,,,
Wed Mar 20 2019,7:30p,Utah Jazz,,New York Knicks,,,,,
Wed Mar 20 2019,9:30p,Toronto Raptors,,Oklahoma City Thunder,,,,,
Wed Mar 20 2019,7:00p,New Orleans Pelicans,,Orlando Magic,,,,,
Wed Mar 20 2019,7:00p,Boston Celtics,,Philadelphia 76ers,,,,,
Wed Mar 20 2019,10:00p,Dallas Mavericks,,Portland Trail Blazers,,,,,
Wed Mar 20 2019,8:30p,Miami Heat,,San Antonio Spurs,,,,,
Thu Mar 21 2019,7:30p,Utah Jazz,,Atlanta Hawks,,,,,
Thu Mar 21 2019,7:00p,Minnesota Timberwolves,,Charlotte Hornets,,,,,
Thu Mar 21 2019,10:30p,Indiana Pacers,,Golden State Warriors,,,,,
Thu Mar 21 2019,10:00p,Detroit Pistons,,Phoenix Suns,,,,,
Thu Mar 21 2019,10:00p,Dallas Mavericks,,Sacramento Kings,,,,,
Thu Mar 21 2019,7:00p,Denver Nuggets,,Washington Wizards,,,,,
Fri Mar 22 2019,7:30p,Los Angeles Clippers,,Cleveland Cavaliers,,,,,
Fri Mar 22 2019,8:00p,San Antonio Spurs,,Houston Rockets,,,,,
Fri Mar 22 2019,10:30p,Brooklyn Nets,,Los Angeles Lakers,,,,,
Fri Mar 22 2019,8:30p,Miami Heat,,Milwaukee Bucks,,,,,
Fri Mar 22 2019,7:30p,Denver Nuggets,,New York Knicks,,,,,
Fri Mar 22 2019,7:00p,Memphis Grizzlies,,Orlando Magic,,,,,
Fri Mar 22 2019,7:30p,Oklahoma City Thunder,,Toronto Raptors,,,,,
Sat Mar 23 2019,7:30p,Philadelphia 76ers,,Atlanta Hawks,,,,,
Sat Mar 23 2019,8:00p,Utah Jazz,,Chicago Bulls,,,,,
Sat Mar 23 2019,6:00p,Boston Celtics,,Charlotte Hornets,,,,,
Sat Mar 23 2019,8:30p,Dallas Mavericks,,Golden State Warriors,,,,,
Sat Mar 23 2019,8:00p,Minnesota Timberwolves,,Memphis Grizzlies,,,,,
Sat Mar 23 2019,10:00p,Detroit Pistons,,Portland Trail Blazers,,,,,
Sat Mar 23 2019,10:00p,Phoenix Suns,,Sacramento Kings,,,,,
Sat Mar 23 2019,7:00p,Miami Heat,,Washington Wizards,,,,,
Sun Mar 24 2019,7:30p,San Antonio Spurs,,Boston Celtics,,,,,
Sun Mar 24 2019,8:30p,Detroit Pistons,,Golden State Warriors,,,,,
Sun Mar 24 2019,5:00p,Denver Nuggets,,Indiana Pacers,,,,,
Sun Mar 24 2019,9:30p,Sacramento Kings,,Los Angeles Lakers,,,,,
Sun Mar 24 2019,4:30p,Cleveland Cavaliers,,Milwaukee Bucks,,,,,
Sun Mar 24 2019,7:00p,Houston Rockets,,New Orleans Pelicans,,,,,
Sun Mar 24 2019,12:00p,Los Angeles Clippers,,New York Knicks,,,,,
Sun Mar 24 2019,6:00p,Charlotte Hornets,,Toronto Raptors,,,,,
Mon Mar 25 2019,8:00p,Oklahoma City Thunder,,Memphis Grizzlies,,,,,
Mon Mar 25 2019,7:00p,Philadelphia 76ers,,Orlando Magic,,,,,
Mon Mar 25 2019,10:00p,Brooklyn Nets,,Portland Trail Blazers,,,,,
Mon Mar 25 2019,9:00p,Phoenix Suns,,Utah Jazz,,,,,
Tue Mar 26 2019,7:00p,San Antonio Spurs,,Charlotte Hornets,,,,,
Tue Mar 26 2019,7:00p,Boston Celtics,,Cleveland Cavaliers,,,,,
Tue Mar 26 2019,8:30p,Sacramento Kings,,Dallas Mavericks,,,,,
Tue Mar 26 2019,9:00p,Detroit Pistons,,Denver Nuggets,,,,,
Tue Mar 26 2019,10:30p,Washington Wizards,,Los Angeles Lakers,,,,,
Tue Mar 26 2019,7:30p,Orlando Magic,,Miami Heat,,,,,
Tue Mar 26 2019,8:00p,Houston Rockets,,Milwaukee Bucks,,,,,
Tue Mar 26 2019,8:00p,Los Angeles Clippers,,Minnesota Timberwolves,,,,,
Tue Mar 26 2019,8:00p,Atlanta Hawks,,New Orleans Pelicans,,,,,
Tue Mar 26 2019,7:30p,Chicago Bulls,,Toronto Raptors,,,,,
Wed Mar 27 2019,8:00p,Portland Trail Blazers,,Chicago Bulls,,,,,
Wed Mar 27 2019,8:00p,Golden State Warriors,,Memphis Grizzlies,,,,,
Wed Mar 27 2019,8:00p,Indiana Pacers,,Oklahoma City Thunder,,,,,
Wed Mar 27 2019,10:00p,Washington Wizards,,Phoenix Suns,,,,,
Wed Mar 27 2019,10:30p,Los Angeles Lakers,,Utah Jazz,,,,,
Thu Mar 28 2019,7:00p,Orlando Magic,,Detroit Pistons,,,,,
Thu Mar 28 2019,8:00p,Denver Nuggets,,Houston Rockets,,,,,
Thu Mar 28 2019,7:30p,Dallas Mavericks,,Miami Heat,,,,,
Thu Mar 28 2019,8:00p,Los Angeles Clippers,,Milwaukee Bucks,,,,,
Thu Mar 28 2019,8:00p,Sacramento Kings,,New Orleans Pelicans,,,,,
Thu Mar 28 2019,7:30p,Toronto Raptors,,New York Knicks,,,,,
Thu Mar 28 2019,7:00p,Brooklyn Nets,,Philadelphia 76ers,,,,,
Thu Mar 28 2019,8:30p,Cleveland Cavaliers,,San Antonio Spurs,,,,,
Fri Mar 29 2019,7:30p,Portland Trail Blazers,,Atlanta Hawks,,,,,
Fri Mar 29 2019,7:00p,Indiana Pacers,,Boston Celtics,,,,,
Fri Mar 29 2019,10:30p,Charlotte Hornets,,Los Angeles Lakers,,,,,
Fri Mar 29 2019,8:00p,Golden State Warriors,,Minnesota Timberwolves,,,,,
Fri Mar 29 2019,8:00p,Denver Nuggets,,Oklahoma City Thunder,,,,,
Fri Mar 29 2019,9:00p,Washington Wizards,,Utah Jazz,,,,,
Sat Mar 30 2019,6:00p,Boston Celtics,,Brooklyn Nets,,,,,
Sat Mar 30 2019,8:00p,Toronto Raptors,,Chicago Bulls,,,,,
Sat Mar 30 2019,7:00p,Portland Trail Blazers,,Detroit Pistons,,,,,
Sat Mar 30 2019,6:00p,Sacramento Kings,,Houston Rockets,,,,,
Sat Mar 30 2019,7:00p,Orlando Magic,,Indiana Pacers,,,,,
Sat Mar 30 2019,3:30p,Cleveland Cavaliers,,Los Angeles Clippers,,,,,
Sat Mar 30 2019,8:00p,Philadelphia 76ers,,Minnesota Timberwolves,,,,,
Sat Mar 30 2019,7:30p,Miami Heat,,New York Knicks,,,,,
Sat Mar 30 2019,10:00p,Memphis Grizzlies,,Phoenix Suns,,,,,
Sun Mar 31 2019,12:30p,Milwaukee Bucks,,Atlanta Hawks,,,,,
Sun Mar 31 2019,8:00p,Washington Wizards,,Denver Nuggets,,,,,
Sun Mar 31 2019,8:30p,Charlotte Hornets,,Golden State Warriors,,,,,
Sun Mar 31 2019,10:30p,Memphis Grizzlies,,Los Angeles Clippers,,,,,
Sun Mar 31 2019,6:00p,Los Angeles Lakers,,New Orleans Pelicans,,,,,
Sun Mar 31 2019,3:30p,Dallas Mavericks,,Oklahoma City Thunder,,,,,
Sun Mar 31 2019,7:00p,Sacramento Kings,,San Antonio Spurs,,,,,
Date,Start (ET),Visitor/Neutral,PTS,Home/Neutral,PTS,,,Attend.,Notes
Mon Apr 1 2019,7:30p,Miami Heat,,Boston Celtics,,,,,
Mon Apr 1 2019,7:30p,Milwaukee Bucks,,Brooklyn Nets,,,,,
Mon Apr 1 2019,8:30p,Philadelphia 76ers,,Dallas Mavericks,,,,,
Mon Apr 1 2019,7:00p,Detroit Pistons,,Indiana Pacers,,,,,
Mon Apr 1 2019,8:00p,Portland Trail Blazers,,Minnesota Timberwolves,,,,,
Mon Apr 1 2019,7:30p,Chicago Bulls,,New York Knicks,,,,,
Mon Apr 1 2019,10:00p,Cleveland Cavaliers,,Phoenix Suns,,,,,
Mon Apr 1 2019,7:30p,Orlando Magic,,Toronto Raptors,,,,,
Mon Apr 1 2019,9:00p,Charlotte Hornets,,Utah Jazz,,,,,
Tue Apr 2 2019,10:30p,Denver Nuggets,,Golden State Warriors,,,,,
Tue Apr 2 2019,8:00p,Los Angeles Lakers,,Oklahoma City Thunder,,,,,
Tue Apr 2 2019,10:00p,Houston Rockets,,Sacramento Kings,,,,,
Tue Apr 2 2019,8:30p,Atlanta Hawks,,San Antonio Spurs,,,,,
Wed Apr 3 2019,7:30p,Philadelphia 76ers,,Atlanta Hawks,,,,,
Wed Apr 3 2019,7:30p,Toronto Raptors,,Brooklyn Nets,,,,,
Wed Apr 3 2019,8:30p,Minnesota Timberwolves,,Dallas Mavericks,,,,,
Wed Apr 3 2019,9:00p,San Antonio Spurs,,Denver Nuggets,,,,,
Wed Apr 3 2019,7:00p,Indiana Pacers,,Detroit Pistons,,,,,
Wed Apr 3 2019,10:30p,Houston Rockets,,Los Angeles Clippers,,,,,
Wed Apr 3 2019,7:30p,Boston Celtics,,Miami Heat,,,,,
Wed Apr 3 2019,8:00p,Charlotte Hornets,,New Orleans Pelicans,,,,,
Wed Apr 3 2019,7:00p,New York Knicks,,Orlando Magic,,,,,
Wed Apr 3 2019,10:00p,Utah Jazz,,Phoenix Suns,,,,,
Wed Apr 3 2019,10:00p,Memphis Grizzlies,,Portland Trail Blazers,,,,,
Wed Apr 3 2019,7:00p,Chicago Bulls,,Washington Wizards,,,,,
Thu Apr 4 2019,10:30p,Golden State Warriors,,Los Angeles Lakers,,,,,
Thu Apr 4 2019,8:00p,Milwaukee Bucks,,Philadelphia 76ers,,,,,
Thu Apr 4 2019,10:00p,Cleveland Cavaliers,,Sacramento Kings,,,,,
Fri Apr 5 2019,7:00p,Toronto Raptors,,Charlotte Hornets,,,,,
Fri Apr 5 2019,8:30p,Memphis Grizzlies,,Dallas Mavericks,,,,,
Fri Apr 5 2019,10:30p,Portland Trail Blazers,,Denver Nuggets,,,,,
Fri Apr 5 2019,10:30p,Cleveland Cavaliers,,Golden State Warriors,,,,,
Fri Apr 5 2019,8:00p,New York Knicks,,Houston Rockets,,,,,
Fri Apr 5 2019,8:00p,Boston Celtics,,Indiana Pacers,,,,,
Fri Apr 5 2019,10:30p,Los Angeles Lakers,,Los Angeles Clippers,,,,,
Fri Apr 5 2019,8:00p,Miami Heat,,Minnesota Timberwolves,,,,,
Fri Apr 5 2019,8:00p,Detroit Pistons,,Oklahoma City Thunder,,,,,
Fri Apr 5 2019,7:00p,Atlanta Hawks,,Orlando Magic,,,,,
Fri Apr 5 2019,10:00p,New Orleans Pelicans,,Phoenix Suns,,,,,
Fri Apr 5 2019,9:00p,Sacramento Kings,,Utah Jazz,,,,,
Fri Apr 5 2019,7:00p,San Antonio Spurs,,Washington Wizards,,,,,
Sat Apr 6 2019,8:00p,Philadelphia 76ers,,Chicago Bulls,,,,,
Sat Apr 6 2019,5:00p,Brooklyn Nets,,Milwaukee Bucks,,,,,
Sun Apr 7 2019,7:30p,Orlando Magic,,Boston Celtics,,,,,
Sun Apr 7 2019,3:00p,San Antonio Spurs,,Cleveland Cavaliers,,,,,
Sun Apr 7 2019,4:00p,Charlotte Hornets,,Detroit Pistons,,,,,
Sun Apr 7 2019,8:30p,Los Angeles Clippers,,Golden State Warriors,,,,,
Sun Apr 7 2019,7:00p,Phoenix Suns,,Houston Rockets,,,,,
Sun Apr 7 2019,5:00p,Brooklyn Nets,,Indiana Pacers,,,,,
Sun Apr 7 2019,9:30p,Utah Jazz,,Los Angeles Lakers,,,,,
Sun Apr 7 2019,6:00p,Dallas Mavericks,,Memphis Grizzlies,,,,,
Sun Apr 7 2019,7:00p,Atlanta Hawks,,Milwaukee Bucks,,,,,
Sun Apr 7 2019,3:30p,Oklahoma City Thunder,,Minnesota Timberwolves,,,,,
Sun Apr 7 2019,7:30p,Washington Wizards,,New York Knicks,,,,,
Sun Apr 7 2019,9:00p,Denver Nuggets,,Portland Trail Blazers,,,,,
Sun Apr 7 2019,9:00p,New Orleans Pelicans,,Sacramento Kings,,,,,
Sun Apr 7 2019,12:00p,Miami Heat,,Toronto Raptors,,,,,
Tue Apr 9 2019,8:00p,New York Knicks,,Chicago Bulls,,,,,
Tue Apr 9 2019,7:00p,Charlotte Hornets,,Cleveland Cavaliers,,,,,
Tue Apr 9 2019,8:30p,Phoenix Suns,,Dallas Mavericks,,,,,
Tue Apr 9 2019,7:00p,Memphis Grizzlies,,Detroit Pistons,,,,,
Tue Apr 9 2019,10:30p,Portland Trail Blazers,,Los Angeles Lakers,,,,,
Tue Apr 9 2019,7:30p,Philadelphia 76ers,,Miami Heat,,,,,
Tue Apr 9 2019,8:00p,Toronto Raptors,,Minnesota Timberwolves,,,,,
Tue Apr 9 2019,8:00p,Golden State Warriors,,New Orleans Pelicans,,,,,
Tue Apr 9 2019,9:30p,Houston Rockets,,Oklahoma City Thunder,,,,,
Tue Apr 9 2019,9:00p,Denver Nuggets,,Utah Jazz,,,,,
Tue Apr 9 2019,7:00p,Boston Celtics,,Washington Wizards,,,,,
Wed Apr 10 2019,8:00p,Indiana Pacers,,Atlanta Hawks,,,,,
Wed Apr 10 2019,8:00p,Miami Heat,,Brooklyn Nets,,,,,
Wed Apr 10 2019,8:00p,Orlando Magic,,Charlotte Hornets,,,,,
Wed Apr 10 2019,10:30p,Minnesota Timberwolves,,Denver Nuggets,,,,,
Wed Apr 10 2019,10:30p,Utah Jazz,,Los Angeles Clippers,,,,,
Wed Apr 10 2019,8:00p,Golden State Warriors,,Memphis Grizzlies,,,,,
Wed Apr 10 2019,8:00p,Oklahoma City Thunder,,Milwaukee Bucks,,,,,
Wed Apr 10 2019,8:00p,Detroit Pistons,,New York Knicks,,,,,
Wed Apr 10 2019,8:00p,Chicago Bulls,,Philadelphia 76ers,,,,,
Wed Apr 10 2019,10:30p,Sacramento Kings,,Portland Trail Blazers,,,,,
Wed Apr 10 2019,8:00p,Dallas Mavericks,,San Antonio Spurs,,,,,